state,year,dem_share,demShareTwoParty,gopShareTwoParty,first_treat_year,treated,rel_year,cohort_group,cohort_numeric,num_benefits,ever_treated
AK,1976,38.10817122641917,0.3810817122641917,0.6189182877358083,,0,,Never Treated,inf,0,False
AK,1980,32.70081435515888,0.3270081435515888,0.6729918564484112,,0,,Never Treated,inf,0,False
AK,1984,30.94408735228361,0.3094408735228361,0.6905591264771639,,0,,Never Treated,inf,0,False
AK,1988,37.8366825657466,0.378366825657466,0.621633174342534,,0,,Never Treated,inf,0,False
AK,1992,43.42573796132983,0.4342573796132983,0.5657426203867018,,0,,Never Treated,inf,0,False
AK,1996,39.57149749416618,0.3957149749416618,0.6042850250583381,,0,,Never Treated,inf,0,False
AK,2000,32.06305143627081,0.3206305143627081,0.6793694856372919,,0,,Never Treated,inf,0,False
AK,2004,36.77371701875368,0.3677371701875368,0.6322628298124632,,0,,Never Treated,inf,0,False
AK,2008,38.9352150834029,0.389352150834029,0.610647849165971,,0,,Never Treated,inf,0,False
AK,2012,42.684709518439625,0.4268470951843963,0.5731529048156038,,0,,Never Treated,inf,0,False
AK,2016,41.61434528893193,0.4161434528893193,0.5838565471106807,,0,,Never Treated,inf,0,False
AK,2020,44.73815127615069,0.4473815127615069,0.5526184872384932,,0,,Never Treated,inf,0,False
AK,2024,43.101293748476536,0.4310129374847654,0.5689870625152347,,0,,Never Treated,inf,0,False
AL,1976,56.66672397785496,0.5666672397785496,0.4333327602214504,,0,,Never Treated,inf,0,False
AL,1980,49.32366169296053,0.4932366169296053,0.5067633830703947,,0,,Never Treated,inf,0,False
AL,1984,38.73660464868173,0.3873660464868173,0.6126339535131827,,0,,Never Treated,inf,0,False
AL,1988,40.25443160191109,0.4025443160191109,0.5974556839808891,,0,,Never Treated,inf,0,False
AL,1992,46.17887354009701,0.4617887354009701,0.5382112645990298,,0,,Never Treated,inf,0,False
AL,1996,46.26612884631105,0.4626612884631105,0.5373387115368894,,0,,Never Treated,inf,0,False
AL,2000,42.3930580786689,0.423930580786689,0.5760694192133109,,0,,Never Treated,inf,0,False
AL,2004,37.10222864771775,0.3710222864771775,0.6289777135228225,,0,,Never Treated,inf,0,False
AL,2008,39.10909724642732,0.3910909724642732,0.6089090275357267,,0,,Never Treated,inf,0,False
AL,2012,38.783771466562285,0.3878377146656229,0.6121622853343771,,0,,Never Treated,inf,0,False
AL,2016,35.62585640603926,0.3562585640603926,0.6437414359396074,,0,,Never Treated,inf,0,False
AL,2020,37.0893166452478,0.370893166452478,0.629106833547522,,0,,Never Treated,inf,0,False
AL,2024,34.55938807030605,0.3455938807030605,0.6544061192969395,,0,,Never Treated,inf,0,False
AR,1976,65.04885147819915,0.6504885147819915,0.3495114852180084,,0,,Never Treated,inf,0,False
AR,1980,49.68029405707653,0.4968029405707653,0.5031970594292348,,0,,Never Treated,inf,0,False
AR,1984,38.77241189805592,0.3877241189805592,0.6122758810194409,,0,,Never Treated,inf,0,False
AR,1988,42.80835728688489,0.4280835728688489,0.5719164271311511,,0,,Never Treated,inf,0,False
AR,1992,59.992267066122515,0.5999226706612252,0.4000773293387749,,0,,Never Treated,inf,0,False
AR,1996,59.35282486475548,0.5935282486475548,0.4064717513524451,,0,,Never Treated,inf,0,False
AR,2000,47.19931048957919,0.4719931048957919,0.5280068951042081,,0,,Never Treated,inf,0,False
AR,2004,45.06425174833222,0.4506425174833222,0.5493574825166778,,0,,Never Treated,inf,0,False
AR,2008,39.82827938928274,0.3982827938928274,0.6017172061071726,,0,,Never Treated,inf,0,False
AR,2012,37.84559464877038,0.3784559464877038,0.6215440535122961,,0,,Never Treated,inf,0,False
AR,2016,35.71486231022953,0.3571486231022953,0.6428513768977047,,0,,Never Treated,inf,0,False
AR,2020,35.78756672201685,0.3578756672201685,0.6421243327798315,,0,,Never Treated,inf,0,False
AR,2024,34.33000676385162,0.3433000676385162,0.6566999323614837,,0,,Never Treated,inf,0,False
AZ,1976,41.38669698310381,0.4138669698310381,0.5861330301689619,,0,,Never Treated,inf,0,False
AZ,1980,31.78791316766491,0.3178791316766491,0.682120868323351,,0,,Never Treated,inf,0,False
AZ,1984,32.883272429993994,0.3288327242999399,0.6711672757000601,,0,,Never Treated,inf,0,False
AZ,1988,39.25650846900749,0.3925650846900749,0.607434915309925,,0,,Never Treated,inf,0,False
AZ,1992,48.69809601698806,0.4869809601698806,0.5130190398301194,,0,,Never Treated,inf,0,False
AZ,1996,51.22377115185426,0.5122377115185426,0.4877622884814574,,0,,Never Treated,inf,0,False
AZ,2000,46.71740083286014,0.4671740083286014,0.5328259916713985,,0,,Never Treated,inf,0,False
AZ,2004,44.72499496951174,0.4472499496951174,0.5527500503048827,,0,,Never Treated,inf,0,False
AZ,2008,45.68609928038368,0.4568609928038368,0.5431390071961633,,0,,Never Treated,inf,0,False
AZ,2012,45.38661977629681,0.4538661977629681,0.5461338022370319,,0,,Never Treated,inf,0,False
AZ,2016,48.1108795538633,0.481108795538633,0.518891204461367,,0,,Never Treated,inf,0,False
AZ,2020,50.15683167912931,0.5015683167912931,0.4984316832087068,,0,,Never Treated,inf,0,False
AZ,2024,47.20584103913331,0.4720584103913331,0.5279415896086669,,0,,Never Treated,inf,0,False
CA,1976,49.08217269318179,0.4908217269318179,0.5091782730681821,2016.0,0,-40.0,Middle (2011-2018),2016.0,4,True
CA,1980,40.53337544079053,0.4053337544079053,0.5946662455920947,2016.0,0,-36.0,Middle (2011-2018),2016.0,4,True
CA,1984,41.77546517780233,0.4177546517780233,0.5822453482219766,2016.0,0,-32.0,Middle (2011-2018),2016.0,4,True
CA,1988,48.19268946362411,0.4819268946362411,0.5180731053637588,2016.0,0,-28.0,Middle (2011-2018),2016.0,4,True
CA,1992,58.51672876937908,0.5851672876937908,0.4148327123062092,2016.0,0,-24.0,Middle (2011-2018),2016.0,4,True
CA,1996,57.21626523096894,0.5721626523096894,0.4278373476903105,2016.0,0,-20.0,Middle (2011-2018),2016.0,4,True
CA,2000,56.20298999907178,0.5620298999907178,0.4379701000092821,2016.0,0,-16.0,Middle (2011-2018),2016.0,4,True
CA,2004,55.041320452822454,0.5504132045282245,0.4495867954717754,2016.0,0,-12.0,Middle (2011-2018),2016.0,4,True
CA,2008,62.27844959158541,0.622784495915854,0.3772155040841459,2016.0,0,-8.0,Middle (2011-2018),2016.0,4,True
CA,2012,61.872811163296625,0.6187281116329663,0.3812718883670338,2016.0,0,-4.0,Middle (2011-2018),2016.0,4,True
CA,2016,66.12822054272989,0.6612822054272989,0.3387177945727012,2016.0,1,0.0,Middle (2011-2018),2016.0,4,True
CA,2020,64.9096897735854,0.649096897735854,0.350903102264146,2016.0,1,4.0,Middle (2011-2018),2016.0,4,True
CA,2024,60.40014257179834,0.6040014257179834,0.3959985742820166,2016.0,1,8.0,Middle (2011-2018),2016.0,4,True
CO,1976,44.09245616838536,0.4409245616838536,0.5590754383161465,2020.0,0,-44.0,Late (2019+),2020.0,2,True
CO,1980,36.0696597871354,0.360696597871354,0.639303402128646,2020.0,0,-40.0,Late (2019+),2020.0,2,True
CO,1984,35.634230164349404,0.356342301643494,0.643657698356506,2020.0,0,-36.0,Late (2019+),2020.0,2,True
CO,1988,46.04617561850285,0.4604617561850285,0.5395382438149715,2020.0,0,-32.0,Late (2019+),2020.0,2,True
CO,1992,52.80206552282498,0.5280206552282498,0.4719793447717502,2020.0,0,-28.0,Late (2019+),2020.0,2,True
CO,1996,49.240792369772564,0.4924079236977256,0.5075920763022744,2020.0,0,-24.0,Late (2019+),2020.0,2,True
CO,2000,45.51408005672097,0.4551408005672097,0.5448591994327903,2020.0,0,-20.0,Late (2019+),2020.0,2,True
CO,2004,47.63377044175736,0.4763377044175736,0.5236622955824264,2020.0,0,-16.0,Late (2019+),2020.0,2,True
CO,2008,54.55063469317343,0.5455063469317343,0.4544936530682658,2020.0,0,-12.0,Late (2019+),2020.0,2,True
CO,2012,52.74798831420252,0.5274798831420252,0.4725201168579748,2020.0,0,-8.0,Late (2019+),2020.0,2,True
CO,2016,52.68333337268244,0.5268333337268244,0.4731666662731756,2020.0,0,-4.0,Late (2019+),2020.0,2,True
CO,2020,56.93831949230015,0.5693831949230015,0.4306168050769984,2020.0,1,0.0,Late (2019+),2020.0,2,True
CO,2024,55.646541731066456,0.5564654173106646,0.4435345826893354,2020.0,1,4.0,Late (2019+),2020.0,2,True
CT,1976,47.38998329378652,0.4738998329378652,0.5261001670621348,2015.0,0,-39.0,Middle (2011-2018),2015.0,1,True
CT,1980,44.44280367728735,0.4444280367728735,0.5555719632271264,2015.0,0,-35.0,Middle (2011-2018),2015.0,1,True
CT,1984,39.00083123698196,0.3900083123698196,0.6099916876301803,2015.0,0,-31.0,Middle (2011-2018),2015.0,1,True
CT,1988,47.418849543567006,0.4741884954356701,0.5258115045643299,2015.0,0,-27.0,Middle (2011-2018),2015.0,1,True
CT,1992,54.12511670742668,0.5412511670742668,0.4587488329257332,2015.0,0,-23.0,Middle (2011-2018),2015.0,1,True
CT,1996,60.363506882312734,0.6036350688231273,0.3963649311768726,2015.0,0,-19.0,Middle (2011-2018),2015.0,1,True
CT,2000,59.25565804885452,0.5925565804885452,0.4074434195114548,2015.0,0,-15.0,Middle (2011-2018),2015.0,1,True
CT,2004,55.27494756058412,0.5527494756058412,0.4472505243941587,2015.0,0,-11.0,Middle (2011-2018),2015.0,1,True
CT,2008,61.31833824975418,0.6131833824975418,0.3868166175024582,2015.0,0,-7.0,Middle (2011-2018),2015.0,1,True
CT,2012,58.772577476907095,0.587725774769071,0.412274225230929,2015.0,0,-3.0,Middle (2011-2018),2015.0,1,True
CT,2016,57.14154751726363,0.5714154751726364,0.4285845248273636,2015.0,1,1.0,Middle (2011-2018),2015.0,1,True
CT,2020,60.17246380927086,0.6017246380927086,0.3982753619072914,2015.0,1,5.0,Middle (2011-2018),2015.0,1,True
CT,2024,57.37823248625917,0.5737823248625917,0.4262176751374083,2015.0,1,9.0,Middle (2011-2018),2015.0,1,True
DC,1976,83.17772238685264,0.8317772238685264,0.1682227761314736,2022.0,0,-46.0,Late (2019+),2022.0,2,True
DC,1980,84.8167300578336,0.8481673005783359,0.1518326994216641,2022.0,0,-42.0,Late (2019+),2022.0,2,True
DC,1984,86.14773394710076,0.8614773394710076,0.1385226605289924,2022.0,0,-38.0,Late (2019+),2022.0,2,True
DC,1988,85.24575260565678,0.8524575260565678,0.1475424739434322,2022.0,0,-34.0,Late (2019+),2022.0,2,True
DC,1992,90.29706961939272,0.9029706961939272,0.0970293038060726,2022.0,0,-30.0,Late (2019+),2022.0,2,True
DC,1996,90.12354820886426,0.9012354820886426,0.0987645179113574,2022.0,0,-26.0,Late (2019+),2022.0,2,True
DC,2000,90.48769447777848,0.9048769447777848,0.0951230552222152,2022.0,0,-22.0,Late (2019+),2022.0,2,True
DC,2004,90.52027864743609,0.9052027864743608,0.0947972135256393,2022.0,0,-18.0,Late (2019+),2022.0,2,True
DC,2008,93.40076833341567,0.9340076833341566,0.0659923166658433,2022.0,0,-14.0,Late (2019+),2022.0,2,True
DC,2012,92.58764920211752,0.9258764920211752,0.0741235079788248,2022.0,0,-10.0,Late (2019+),2022.0,2,True
DC,2016,95.69518834185408,0.9569518834185408,0.0430481165814591,2022.0,0,-6.0,Late (2019+),2022.0,2,True
DC,2020,94.46695384761944,0.9446695384761944,0.0553304615238055,2022.0,0,-2.0,Late (2019+),2022.0,2,True
DC,2024,93.31474556002804,0.9331474556002805,0.0668525443997195,2022.0,1,2.0,Late (2019+),2022.0,2,True
DE,1976,52.7301380893124,0.527301380893124,0.472698619106876,,0,,Never Treated,inf,0,False
DE,1980,48.73321474982258,0.4873321474982258,0.5126678525017742,,0,,Never Treated,inf,0,False
DE,1984,40.04632730080442,0.4004632730080442,0.5995367269919557,,0,,Never Treated,inf,0,False
DE,1988,43.75881040413072,0.4375881040413072,0.5624118959586928,,0,,Never Treated,inf,0,False
DE,1992,55.19799270472529,0.5519799270472528,0.4480200729527471,,0,,Never Treated,inf,0,False
DE,1996,58.623656632569954,0.5862365663256995,0.4137634336743004,,0,,Never Treated,inf,0,False
DE,2000,56.740064785288446,0.5674006478528845,0.4325993521471155,,0,,Never Treated,inf,0,False
DE,2004,53.83150624509161,0.5383150624509161,0.4616849375490839,,0,,Never Treated,inf,0,False
DE,2008,62.63813864988855,0.6263813864988855,0.3736186135011144,,0,,Never Treated,inf,0,False
DE,2012,59.44695491927816,0.5944695491927816,0.4055304508072184,,0,,Never Treated,inf,0,False
DE,2016,55.998621443681216,0.5599862144368122,0.4400137855631878,,0,,Never Treated,inf,0,False
DE,2020,59.626744164984466,0.5962674416498447,0.4037325583501552,,0,,Never Treated,inf,0,False
DE,2024,57.47923564149817,0.5747923564149817,0.4252076435850183,,0,,Never Treated,inf,0,False
FL,1976,52.6802018720792,0.526802018720792,0.473197981279208,,0,,Never Treated,inf,0,False
FL,1980,40.94923705280309,0.4094923705280309,0.5905076294719691,,0,,Never Treated,inf,0,False
FL,1984,34.66758678645452,0.3466758678645452,0.6533241321354548,,0,,Never Treated,inf,0,False
FL,1988,38.74792835414841,0.3874792835414841,0.6125207164585159,,0,,Never Treated,inf,0,False
FL,1992,48.80315891041901,0.4880315891041901,0.5119684108958098,,0,,Never Treated,inf,0,False
FL,1996,53.15496119510641,0.5315496119510641,0.4684503880489359,,0,,Never Treated,inf,0,False
FL,2000,49.99539059196644,0.4999539059196644,0.5000460940803355,,0,,Never Treated,inf,0,False
FL,2004,47.476320424331206,0.4747632042433121,0.5252367957566879,,0,,Never Treated,inf,0,False
FL,2008,51.419660030899294,0.514196600308993,0.485803399691007,,0,,Never Treated,inf,0,False
FL,2012,50.442252139366225,0.5044225213936623,0.4955774786063376,,0,,Never Treated,inf,0,False
FL,2016,49.38116452722452,0.4938116452722452,0.5061883547277548,,0,,Never Treated,inf,0,False
FL,2020,48.30524533785844,0.4830524533785844,0.5169475466214156,,0,,Never Treated,inf,0,False
FL,2024,43.388930566507696,0.433889305665077,0.566110694334923,,0,,Never Treated,inf,0,False
GA,1976,66.93829485931741,0.6693829485931742,0.3306170514068258,,0,,Never Treated,inf,0,False
GA,1980,57.66239969245167,0.5766239969245167,0.4233760030754833,,0,,Never Treated,inf,0,False
GA,1984,39.802179851860195,0.398021798518602,0.601978201481398,,0,,Never Treated,inf,0,False
GA,1988,39.796383655239644,0.3979638365523965,0.6020361634476036,,0,,Never Treated,inf,0,False
GA,1992,50.342128451096634,0.5034212845109663,0.4965787154890336,,0,,Never Treated,inf,0,False
GA,1996,49.36773080144583,0.4936773080144583,0.5063226919855417,,0,,Never Treated,inf,0,False
GA,2000,44.01624637709734,0.4401624637709734,0.5598375362290265,,0,,Never Treated,inf,0,False
GA,2004,41.64576730359044,0.4164576730359044,0.5835423269640956,,0,,Never Treated,inf,0,False
GA,2008,47.371664489188205,0.4737166448918821,0.5262833551081179,,0,,Never Treated,inf,0,False
GA,2012,46.04335090194327,0.4604335090194327,0.5395664909805672,,0,,Never Treated,inf,0,False
GA,2016,47.33882740069678,0.4733882740069678,0.5266117259930322,,0,,Never Treated,inf,0,False
GA,2020,50.12083916355957,0.5012083916355957,0.4987916083644042,,0,,Never Treated,inf,0,False
GA,2024,48.89563384860186,0.4889563384860186,0.5110436615139814,,0,,Never Treated,inf,0,False
HI,1976,51.28263123829938,0.5128263123829938,0.4871736876170062,,0,,Never Treated,inf,0,False
HI,1980,51.0840592350869,0.510840592350869,0.4891594076491309,,0,,Never Treated,inf,0,False
HI,1984,44.296275782350605,0.442962757823506,0.557037242176494,,0,,Never Treated,inf,0,False
HI,1988,54.80627598015892,0.5480627598015892,0.4519372401984107,,0,,Never Treated,inf,0,False
HI,1992,56.719977730821306,0.567199777308213,0.432800222691787,,0,,Never Treated,inf,0,False
HI,1996,64.27615180824881,0.6427615180824882,0.3572384819175119,,0,,Never Treated,inf,0,False
HI,2000,59.827296280429344,0.5982729628042934,0.4017270371957065,,0,,Never Treated,inf,0,False
HI,2004,54.40444800293027,0.5440444800293027,0.4559555199706973,,0,,Never Treated,inf,0,False
HI,2008,72.99372587845542,0.7299372587845542,0.2700627412154459,,0,,Never Treated,inf,0,False
HI,2012,71.70384850107442,0.7170384850107442,0.2829615149892558,,0,,Never Treated,inf,0,False
HI,2016,67.44133745053546,0.6744133745053545,0.3255866254946454,,0,,Never Treated,inf,0,False
HI,2020,65.03266464651489,0.6503266464651488,0.3496733535348512,,0,,Never Treated,inf,0,False
HI,2024,61.7803258306115,0.617803258306115,0.382196741693885,,0,,Never Treated,inf,0,False
IA,1976,49.48383414684765,0.4948383414684765,0.5051616585315235,,0,,Never Treated,inf,0,False
IA,1980,42.936849728791636,0.4293684972879164,0.5706315027120836,,0,,Never Treated,inf,0,False
IA,1984,46.27617466997986,0.4627617466997986,0.5372382533002015,,0,,Never Treated,inf,0,False
IA,1988,55.14848114008251,0.5514848114008251,0.4485151885991749,,0,,Never Treated,inf,0,False
IA,1992,53.73252911356213,0.5373252911356213,0.4626747088643786,,0,,Never Treated,inf,0,False
IA,1996,55.73338892373273,0.5573338892373273,0.4426661107626727,,0,,Never Treated,inf,0,False
IA,2000,50.16277918751817,0.5016277918751817,0.4983722081248183,,0,,Never Treated,inf,0,False
IA,2004,49.66332073728708,0.4966332073728708,0.5033667926271291,,0,,Never Treated,inf,0,False
IA,2008,54.84877778946735,0.5484877778946735,0.4515122221053265,,0,,Never Treated,inf,0,False
IA,2012,52.959351928100176,0.5295935192810017,0.4704064807189982,,0,,Never Treated,inf,0,False
IA,2016,44.93645215487965,0.4493645215487965,0.5506354784512034,,0,,Never Treated,inf,0,False
IA,2020,45.81673691536295,0.4581673691536295,0.5418326308463706,,0,,Never Treated,inf,0,False
IA,2024,43.277201145201886,0.4327720114520188,0.5672279885479812,,0,,Never Treated,inf,0,False
ID,1976,38.26700937405503,0.3826700937405503,0.6173299062594496,,0,,Never Treated,inf,0,False
ID,1980,27.48677321266878,0.2748677321266878,0.7251322678733122,,0,,Never Treated,inf,0,False
ID,1984,26.72442880258501,0.2672442880258501,0.7327557119741499,,0,,Never Treated,inf,0,False
ID,1988,36.71217714936695,0.3671217714936695,0.6328782285063305,,0,,Never Treated,inf,0,False
ID,1992,40.33851697884342,0.4033851697884342,0.5966148302115658,,0,,Never Treated,inf,0,False
ID,1996,39.20097242428407,0.3920097242428407,0.6079902757571594,,0,,Never Treated,inf,0,False
ID,2000,29.151509544255987,0.2915150954425599,0.7084849045574401,,0,,Never Treated,inf,0,False
ID,2004,30.6772618166357,0.306772618166357,0.6932273818336431,,0,,Never Treated,inf,0,False
ID,2008,36.97541019497945,0.3697541019497945,0.6302458980502055,,0,,Never Treated,inf,0,False
ID,2012,33.578613156424666,0.3357861315642467,0.6642138684357534,,0,,Never Treated,inf,0,False
ID,2016,31.68982331919441,0.3168982331919441,0.6831017668080558,,0,,Never Treated,inf,0,False
ID,2020,34.12289764236351,0.3412289764236351,0.6587710235763649,,0,,Never Treated,inf,0,False
ID,2024,31.23907940987346,0.3123907940987346,0.6876092059012654,,0,,Never Treated,inf,0,False
IL,1976,48.99716625636061,0.4899716625636061,0.510028337436394,2006.0,0,-30.0,Early (<=2010),2006.0,4,True
IL,1980,45.66033761788903,0.4566033761788903,0.5433966238211096,2006.0,0,-26.0,Early (<=2010),2006.0,4,True
IL,1984,43.52674669277925,0.4352674669277925,0.5647325330722075,2006.0,0,-22.0,Early (<=2010),2006.0,4,True
IL,1988,48.95072300364114,0.4895072300364114,0.5104927699635886,2006.0,0,-18.0,Early (<=2010),2006.0,4,True
IL,1992,58.5882182122468,0.585882182122468,0.414117817877532,2006.0,0,-14.0,Early (<=2010),2006.0,4,True
IL,1996,59.60509218545778,0.5960509218545778,0.4039490781454223,2006.0,0,-10.0,Early (<=2010),2006.0,4,True
IL,2000,56.18001031583959,0.5618001031583959,0.4381998968416041,2006.0,0,-6.0,Early (<=2010),2006.0,4,True
IL,2004,55.20863404955345,0.5520863404955345,0.4479136595044655,2006.0,0,-2.0,Early (<=2010),2006.0,4,True
IL,2008,62.73426404455936,0.6273426404455936,0.3726573595544064,2006.0,1,2.0,Early (<=2010),2006.0,4,True
IL,2012,58.5775233921169,0.585775233921169,0.4142247660788309,2006.0,1,6.0,Early (<=2010),2006.0,4,True
IL,2016,59.02005139071148,0.5902005139071148,0.4097994860928852,2006.0,1,10.0,Early (<=2010),2006.0,4,True
IL,2020,58.658968206510764,0.5865896820651076,0.4134103179348923,2006.0,1,14.0,Early (<=2010),2006.0,4,True
IL,2024,55.56776540827171,0.5556776540827171,0.4443223459172828,2006.0,1,18.0,Early (<=2010),2006.0,4,True
IN,1976,46.15122219230517,0.4615122219230517,0.5384877780769483,,0,,Never Treated,inf,0,False
IN,1980,40.20267132985023,0.4020267132985023,0.5979732867014976,,0,,Never Treated,inf,0,False
IN,1984,37.92657087831628,0.3792657087831628,0.6207342912168372,,0,,Never Treated,inf,0,False
IN,1988,39.87400887506799,0.3987400887506799,0.6012599112493201,,0,,Never Treated,inf,0,False
IN,1992,46.16510546606123,0.4616510546606123,0.5383489453393877,,0,,Never Treated,inf,0,False
IN,1996,46.85159364495435,0.4685159364495435,0.5314840635504565,,0,,Never Treated,inf,0,False
IN,2000,41.99521746741806,0.4199521746741806,0.5800478253258193,,0,,Never Treated,inf,0,False
IN,2004,39.57652375034154,0.3957652375034154,0.6042347624965846,,0,,Never Treated,inf,0,False
IN,2008,50.52195344537809,0.5052195344537809,0.4947804655462191,,0,,Never Treated,inf,0,False
IN,2012,44.799625402672696,0.447996254026727,0.5520037459732731,,0,,Never Treated,inf,0,False
IN,2016,39.88269047549193,0.3988269047549193,0.6011730952450807,,0,,Never Treated,inf,0,False
IN,2020,41.80181519856194,0.4180181519856194,0.5819818480143806,,0,,Never Treated,inf,0,False
IN,2024,40.34754416685449,0.4034754416685449,0.5965245583314551,,0,,Never Treated,inf,0,False
KS,1976,46.12445923746186,0.4612445923746186,0.5387554076253813,,0,,Never Treated,inf,0,False
KS,1980,36.52451056147966,0.3652451056147966,0.6347548943852034,,0,,Never Treated,inf,0,False
KS,1984,32.970522888430345,0.3297052288843034,0.6702947711156966,,0,,Never Treated,inf,0,False
KS,1988,43.27249829781352,0.4327249829781352,0.5672750170218648,,0,,Never Treated,inf,0,False
KS,1992,46.45894441238242,0.4645894441238242,0.5354105558761758,,0,,Never Treated,inf,0,False
KS,1996,39.927634452015845,0.3992763445201585,0.6007236554798414,,0,,Never Treated,inf,0,False
KS,2000,39.08309253647191,0.3908309253647191,0.6091690746352808,,0,,Never Treated,inf,0,False
KS,2004,37.132901218917766,0.3713290121891777,0.6286709878108223,,0,,Never Treated,inf,0,False
KS,2008,42.38772418109056,0.4238772418109056,0.5761227581890944,,0,,Never Treated,inf,0,False
KS,2012,38.88667325474694,0.3888667325474694,0.6111332674525305,,0,,Never Treated,inf,0,False
KS,2016,38.88852965739333,0.3888852965739333,0.6111147034260667,,0,,Never Treated,inf,0,False
KS,2020,42.50657174436865,0.4250657174436865,0.5749342825563135,,0,,Never Treated,inf,0,False
KS,2024,41.79426305272484,0.4179426305272484,0.5820573694727517,,0,,Never Treated,inf,0,False
KY,1976,53.65402864664347,0.5365402864664347,0.4634597135335653,,0,,Never Treated,inf,0,False
KY,1980,49.28725439873041,0.4928725439873041,0.5071274560126958,,0,,Never Treated,inf,0,False
KY,1984,39.63581761054802,0.3963581761054802,0.6036418238945198,,0,,Never Treated,inf,0,False
KY,1988,44.14623218821145,0.4414623218821145,0.5585376781178855,,0,,Never Treated,inf,0,False
KY,1992,51.86877769476605,0.5186877769476606,0.4813122230523395,,0,,Never Treated,inf,0,False
KY,1996,50.52905118434284,0.5052905118434284,0.4947094881565715,,0,,Never Treated,inf,0,False
KY,2000,42.272384734323424,0.4227238473432342,0.5772761526567658,,0,,Never Treated,inf,0,False
KY,2004,39.99238008452607,0.3999238008452607,0.6000761991547393,,0,,Never Treated,inf,0,False
KY,2008,41.76657241229539,0.4176657241229539,0.5823342758770461,,0,,Never Treated,inf,0,False
KY,2012,38.45722760619509,0.3845722760619509,0.6154277239380491,,0,,Never Treated,inf,0,False
KY,2016,34.32937098249013,0.3432937098249013,0.6567062901750986,,0,,Never Treated,inf,0,False
KY,2020,36.79989709973703,0.3679989709973703,0.6320010290026297,,0,,Never Treated,inf,0,False
KY,2024,34.48592898389792,0.3448592898389792,0.6551407101610208,,0,,Never Treated,inf,0,False
LA,1976,52.95957514788066,0.5295957514788067,0.4704042485211933,,0,,Never Treated,inf,0,False
LA,1980,47.18911401140074,0.4718911401140074,0.5281088598859925,,0,,Never Treated,inf,0,False
LA,1984,38.58083883745785,0.3858083883745785,0.6141916116254215,,0,,Never Treated,inf,0,False
LA,1988,44.80870767605027,0.4480870767605027,0.5519129232394974,,0,,Never Treated,inf,0,False
LA,1992,52.66513786041565,0.5266513786041565,0.4733486213958435,,0,,Never Treated,inf,0,False
LA,1996,56.56083827159214,0.5656083827159214,0.4343916172840785,,0,,Never Treated,inf,0,False
LA,2000,46.06075403365277,0.4606075403365277,0.5393924596634723,,0,,Never Treated,inf,0,False
LA,2004,42.66905873075651,0.4266905873075651,0.573309412692435,,0,,Never Treated,inf,0,False
LA,2008,40.54282583841463,0.4054282583841463,0.5945717416158537,,0,,Never Treated,inf,0,False
LA,2012,41.25317438588602,0.4125317438588602,0.5874682561411397,,0,,Never Treated,inf,0,False
LA,2016,39.82832276219221,0.3982832276219221,0.601716772378078,,0,,Never Treated,inf,0,False
LA,2020,40.53555954370895,0.4053555954370895,0.5946444045629105,,0,,Never Treated,inf,0,False
LA,2024,38.821489590584065,0.3882148959058407,0.6117851040941593,,0,,Never Treated,inf,0,False
MA,1976,58.114622171105935,0.5811462217110593,0.4188537782889406,2016.0,0,-40.0,Middle (2011-2018),2016.0,1,True
MA,1980,49.90932698314367,0.4990932698314367,0.5009067301685632,2016.0,0,-36.0,Middle (2011-2018),2016.0,1,True
MA,1984,48.60166976274062,0.4860166976274062,0.5139833023725937,2016.0,0,-32.0,Middle (2011-2018),2016.0,1,True
MA,1988,53.98258893318696,0.5398258893318696,0.4601741106681304,2016.0,0,-28.0,Middle (2011-2018),2016.0,1,True
MA,1992,62.09222867120157,0.6209222867120157,0.3790777132879843,2016.0,0,-24.0,Middle (2011-2018),2016.0,1,True
MA,1996,68.63782540541509,0.6863782540541509,0.3136217459458491,2016.0,0,-20.0,Middle (2011-2018),2016.0,1,True
MA,2000,64.78934376063381,0.6478934376063381,0.3521065623936618,2016.0,0,-16.0,Middle (2011-2018),2016.0,1,True
MA,2004,62.74285551299189,0.6274285551299189,0.3725714448700811,2016.0,0,-12.0,Middle (2011-2018),2016.0,1,True
MA,2008,63.19707821335295,0.6319707821335295,0.3680292178664704,2016.0,0,-8.0,Middle (2011-2018),2016.0,1,True
MA,2012,61.78568074906001,0.6178568074906001,0.3821431925093999,2016.0,0,-4.0,Middle (2011-2018),2016.0,1,True
MA,2016,64.65127868962949,0.646512786896295,0.353487213103705,2016.0,1,0.0,Middle (2011-2018),2016.0,1,True
MA,2020,67.11554954014815,0.6711554954014815,0.3288445045985185,2016.0,1,4.0,Middle (2011-2018),2016.0,1,True
MA,2024,62.95552233919002,0.6295552233919002,0.3704447766080999,2016.0,1,8.0,Middle (2011-2018),2016.0,1,True
MD,1976,53.035419923436386,0.5303541992343639,0.4696458007656361,2021.0,0,-45.0,Late (2019+),2021.0,1,True
MD,1980,51.6191380662185,0.516191380662185,0.483808619337815,2021.0,0,-41.0,Late (2019+),2021.0,1,True
MD,1984,47.24247280785537,0.4724247280785537,0.5275752719214463,2021.0,0,-37.0,Late (2019+),2021.0,1,True
MD,1988,48.53556976888299,0.4853556976888299,0.5146443023111701,2021.0,0,-33.0,Late (2019+),2021.0,1,True
MD,1992,58.299900039217654,0.5829990003921766,0.4170009996078235,2021.0,0,-29.0,Late (2019+),2021.0,1,True
MD,1996,58.63842348627239,0.5863842348627238,0.4136157651372761,2021.0,0,-25.0,Late (2019+),2021.0,1,True
MD,2000,58.432298942454295,0.584322989424543,0.4156770105754571,2021.0,0,-21.0,Late (2019+),2021.0,1,True
MD,2004,56.56571308191792,0.5656571308191792,0.4343428691808208,2021.0,0,-17.0,Late (2019+),2021.0,1,True
MD,2008,62.93008729288553,0.6293008729288553,0.3706991270711446,2021.0,0,-13.0,Late (2019+),2021.0,1,True
MD,2012,63.32172578690598,0.6332172578690598,0.3667827421309402,2021.0,0,-9.0,Late (2019+),2021.0,1,True
MD,2016,64.01099550856516,0.6401099550856516,0.3598900449143484,2021.0,0,-5.0,Late (2019+),2021.0,1,True
MD,2020,67.02904704709233,0.6702904704709234,0.3297095295290766,2021.0,0,-1.0,Late (2019+),2021.0,1,True
MD,2024,64.75475702718091,0.6475475702718092,0.3524524297281908,2021.0,1,3.0,Late (2019+),2021.0,1,True
ME,1976,49.56882110290461,0.4956882110290461,0.5043117889709539,2014.0,0,-38.0,Middle (2011-2018),2014.0,3,True
ME,1980,48.090516565976635,0.4809051656597664,0.5190948343402336,2014.0,0,-34.0,Middle (2011-2018),2014.0,3,True
ME,1984,38.93088209939838,0.3893088209939838,0.6106911790060162,2014.0,0,-30.0,Middle (2011-2018),2014.0,3,True
ME,1988,44.228981296531686,0.4422898129653169,0.5577101870346831,2014.0,0,-26.0,Middle (2011-2018),2014.0,3,True
ME,1992,56.055872864548306,0.5605587286454831,0.4394412713545169,2014.0,0,-22.0,Middle (2011-2018),2014.0,3,True
ME,1996,62.662120416855316,0.6266212041685532,0.3733787958314468,2014.0,0,-18.0,Middle (2011-2018),2014.0,3,True
ME,2000,52.74784154100042,0.5274784154100042,0.4725215845899958,2014.0,0,-14.0,Middle (2011-2018),2014.0,3,True
ME,2004,54.5830164103086,0.545830164103086,0.4541698358969139,2014.0,0,-10.0,Middle (2011-2018),2014.0,3,True
ME,2008,58.8295249834076,0.588295249834076,0.4117047501659239,2014.0,0,-6.0,Middle (2011-2018),2014.0,3,True
ME,2012,57.85992139357711,0.5785992139357711,0.4214007860642288,2014.0,0,-2.0,Middle (2011-2018),2014.0,3,True
ME,2016,51.59679112916253,0.5159679112916253,0.4840320887083746,2014.0,1,2.0,Middle (2011-2018),2014.0,3,True
ME,2020,54.670404582003975,0.5467040458200397,0.4532959541799602,2014.0,1,6.0,Middle (2011-2018),2014.0,3,True
ME,2024,53.54430581997446,0.5354430581997446,0.4645569418002554,2014.0,1,10.0,Middle (2011-2018),2014.0,3,True
MI,1976,47.25622595013001,0.4725622595013001,0.5274377404986998,,0,,Never Treated,inf,0,False
MI,1980,46.45358910320158,0.4645358910320158,0.5354641089679841,,0,,Never Treated,inf,0,False
MI,1984,40.45367500183142,0.4045367500183142,0.5954632499816858,,0,,Never Treated,inf,0,False
MI,1988,46.02195003994486,0.4602195003994486,0.5397804996005513,,0,,Never Treated,inf,0,False
MI,1992,54.61515964697112,0.5461515964697112,0.4538484035302887,,0,,Never Treated,inf,0,False
MI,1996,57.32441336669677,0.5732441336669677,0.4267558663330322,,0,,Never Treated,inf,0,False
MI,2000,52.63460648173409,0.5263460648173409,0.473653935182659,,0,,Never Treated,inf,0,False
MI,2004,51.72584446796521,0.5172584446796521,0.4827415553203479,,0,,Never Treated,inf,0,False
MI,2008,58.37130157615452,0.5837130157615452,0.4162869842384548,,0,,Never Treated,inf,0,False
MI,2012,54.80053207117788,0.5480053207117788,0.4519946792882212,,0,,Never Treated,inf,0,False
MI,2016,49.88233178303845,0.4988233178303845,0.5011766821696155,,0,,Never Treated,inf,0,False
MI,2020,51.413559344409464,0.5141355934440947,0.4858644065559054,,0,,Never Treated,inf,0,False
MI,2024,49.27876317108303,0.4927876317108303,0.5072123682891697,,0,,Never Treated,inf,0,False
MN,1976,56.6419819719711,0.566419819719711,0.433580180280289,2016.0,0,-40.0,Middle (2011-2018),2016.0,4,True
MN,1980,52.213614557186794,0.5221361455718679,0.477863854428132,2016.0,0,-36.0,Middle (2011-2018),2016.0,4,True
MN,1984,50.09089076819495,0.5009089076819495,0.4990910923180505,2016.0,0,-32.0,Middle (2011-2018),2016.0,4,True
MN,1988,53.55085992524404,0.5355085992524404,0.4644914007475596,2016.0,0,-28.0,Middle (2011-2018),2016.0,4,True
MN,1992,57.72134022448636,0.5772134022448636,0.4227865977551364,2016.0,0,-24.0,Middle (2011-2018),2016.0,4,True
MN,1996,59.380689271375765,0.5938068927137576,0.4061931072862424,2016.0,0,-20.0,Middle (2011-2018),2016.0,4,True
MN,2000,51.28641197581132,0.5128641197581132,0.4871358802418868,2016.0,0,-16.0,Middle (2011-2018),2016.0,4,True
MN,2004,51.76091061066895,0.5176091061066895,0.4823908938933105,2016.0,0,-12.0,Middle (2011-2018),2016.0,4,True
MN,2008,55.22937499539273,0.5522937499539273,0.4477062500460726,2016.0,0,-8.0,Middle (2011-2018),2016.0,4,True
MN,2012,53.941226461698186,0.5394122646169819,0.4605877353830181,2016.0,0,-4.0,Middle (2011-2018),2016.0,4,True
MN,2016,50.83169370718048,0.5083169370718048,0.4916830629281951,2016.0,1,0.0,Middle (2011-2018),2016.0,4,True
MN,2020,53.63951364856667,0.5363951364856667,0.4636048635143333,2016.0,1,4.0,Middle (2011-2018),2016.0,4,True
MN,2024,52.171702176094485,0.5217170217609448,0.4782829782390552,2016.0,1,8.0,Middle (2011-2018),2016.0,4,True
MO,1976,51.841907125758766,0.5184190712575877,0.4815809287424124,,0,,Never Treated,inf,0,False
MO,1980,46.434585658556585,0.4643458565855658,0.5356541434144342,,0,,Never Treated,inf,0,False
MO,1984,39.97524933212296,0.3997524933212296,0.6002475066787704,,0,,Never Treated,inf,0,False
MO,1988,48.00308831902278,0.4800308831902278,0.5199691168097722,,0,,Never Treated,inf,0,False
MO,1992,56.50696610031356,0.5650696610031356,0.4349303389968644,,0,,Never Treated,inf,0,False
MO,1996,53.54703747642815,0.5354703747642815,0.4645296252357184,,0,,Never Treated,inf,0,False
MO,2000,48.28805134324933,0.4828805134324933,0.5171194865675066,,0,,Never Treated,inf,0,False
MO,2004,46.38028733456015,0.4638028733456015,0.5361971266543984,,0,,Never Treated,inf,0,False
MO,2008,49.93242085032335,0.4993242085032335,0.5006757914967664,,0,,Never Treated,inf,0,False
MO,2012,45.22133324662002,0.4522133324662002,0.5477866675337997,,0,,Never Treated,inf,0,False
MO,2016,40.181439004433926,0.4018143900443393,0.5981856099556606,,0,,Never Treated,inf,0,False
MO,2020,42.1865182688855,0.421865182688855,0.578134817311145,,0,,Never Treated,inf,0,False
MO,2024,40.66263968691841,0.4066263968691841,0.5933736031308159,,0,,Never Treated,inf,0,False
MS,1976,50.9678885287533,0.509678885287533,0.490321114712467,,0,,Never Treated,inf,0,False
MS,1980,49.321667796454385,0.4932166779645438,0.5067833220354562,,0,,Never Treated,inf,0,False
MS,1984,37.68496494105839,0.3768496494105839,0.623150350589416,,0,,Never Treated,inf,0,False
MS,1988,39.47891704481721,0.3947891704481721,0.6052108295518279,,0,,Never Treated,inf,0,False
MS,1992,45.0715105326158,0.450715105326158,0.5492848946738419,,0,,Never Treated,inf,0,False
MS,1996,47.252776245412896,0.472527762454129,0.527472237545871,,0,,Never Treated,inf,0,False
MS,2000,41.394515160753706,0.4139451516075371,0.5860548483924629,,0,,Never Treated,inf,0,False
MS,2004,40.49499923037863,0.4049499923037863,0.5950500076962136,,0,,Never Treated,inf,0,False
MS,2008,43.35806900713616,0.4335806900713616,0.5664193099286384,,0,,Never Treated,inf,0,False
MS,2012,44.19810080121222,0.4419810080121222,0.5580189919878777,,0,,Never Treated,inf,0,False
MS,2016,40.91015267593994,0.4091015267593994,0.5908984732406006,,0,,Never Treated,inf,0,False
MS,2020,41.61501417261114,0.4161501417261114,0.5838498582738886,,0,,Never Treated,inf,0,False
MS,2024,38.42748589440816,0.3842748589440816,0.6157251410559185,,0,,Never Treated,inf,0,False
MT,1976,46.21565385401378,0.4621565385401378,0.5378434614598622,,0,,Never Treated,inf,0,False
MT,1980,36.33475554570473,0.3633475554570473,0.6366524445429527,,0,,Never Treated,inf,0,False
MT,1984,38.698601236313,0.38698601236313,0.61301398763687,,0,,Never Treated,inf,0,False
MT,1988,47.01181027861572,0.4701181027861572,0.5298818972138428,,0,,Never Treated,inf,0,False
MT,1992,51.7240571248753,0.517240571248753,0.482759428751247,,0,,Never Treated,inf,0,False
MT,1996,48.31258954927583,0.4831258954927583,0.5168741045072416,,0,,Never Treated,inf,0,False
MT,2000,36.343638021330285,0.3634363802133028,0.6365636197866972,,0,,Never Treated,inf,0,False
MT,2004,39.49992382433664,0.3949992382433664,0.6050007617566335,,0,,Never Treated,inf,0,False
MT,2008,48.83059671605927,0.4883059671605927,0.5116940328394073,,0,,Never Treated,inf,0,False
MT,2012,42.965768136118534,0.4296576813611854,0.5703423186388146,,0,,Never Treated,inf,0,False
MT,2016,38.89033568297556,0.3889033568297556,0.6110966431702444,,0,,Never Treated,inf,0,False
MT,2020,41.60281990795189,0.4160281990795189,0.5839718009204811,,0,,Never Treated,inf,0,False
MT,2024,39.71095147991815,0.3971095147991815,0.6028904852008186,,0,,Never Treated,inf,0,False
NC,1976,55.55329249846495,0.5555329249846495,0.4444670750153505,,0,,Never Treated,inf,0,False
NC,1980,48.90031737025543,0.4890031737025543,0.5109968262974457,,0,,Never Treated,inf,0,False
NC,1984,37.97213705011314,0.3797213705011314,0.6202786294988686,,0,,Never Treated,inf,0,False
NC,1988,41.84246213144999,0.4184246213144999,0.5815753786855,,0,,Never Treated,inf,0,False
NC,1992,49.54153572081328,0.4954153572081328,0.5045846427918671,,0,,Never Treated,inf,0,False
NC,1996,47.47001333026536,0.4747001333026536,0.5252998666973464,,0,,Never Treated,inf,0,False
NC,2000,43.53600301849695,0.4353600301849695,0.5646399698150305,,0,,Never Treated,inf,0,False
NC,2004,43.75802799815888,0.4375802799815888,0.5624197200184111,,0,,Never Treated,inf,0,False
NC,2008,50.16596330006732,0.5016596330006732,0.4983403669993269,,0,,Never Treated,inf,0,False
NC,2012,48.965965096995,0.48965965096995,0.51034034903005,,0,,Never Treated,inf,0,False
NC,2016,48.09625419628128,0.4809625419628128,0.5190374580371871,,0,,Never Treated,inf,0,False
NC,2020,49.31581746681328,0.4931581746681328,0.5068418253318673,,0,,Never Treated,inf,0,False
NC,2024,48.36965989869959,0.4836965989869959,0.516303401013004,,0,,Never Treated,inf,0,False
ND,1976,46.96198949482679,0.4696198949482679,0.5303801050517322,,0,,Never Treated,inf,0,False
ND,1980,29.019290247870888,0.2901929024787089,0.7098070975212911,,0,,Never Treated,inf,0,False
ND,1984,34.265417616852325,0.3426541761685233,0.6573458238314767,,0,,Never Treated,inf,0,False
ND,1988,43.40464427213233,0.4340464427213233,0.5659535572786767,,0,,Never Treated,inf,0,False
ND,1992,42.12529522709122,0.4212529522709122,0.5787470477290877,,0,,Never Treated,inf,0,False
ND,1996,46.08868099415835,0.4608868099415835,0.5391131900584165,,0,,Never Treated,inf,0,False
ND,2000,35.27260342938372,0.3527260342938372,0.6472739657061628,,0,,Never Treated,inf,0,False
ND,2004,36.09064585005671,0.3609064585005671,0.6390935414994329,,0,,Never Treated,inf,0,False
ND,2008,45.59134371803188,0.4559134371803188,0.5440865628196813,,0,,Never Treated,inf,0,False
ND,2012,39.88879171108827,0.3988879171108827,0.6011120828891173,,0,,Never Treated,inf,0,False
ND,2016,30.190757103480248,0.3019075710348025,0.6980924289651974,,0,,Never Treated,inf,0,False
ND,2020,32.78259157710337,0.3278259157710337,0.6721740842289663,,0,,Never Treated,inf,0,False
ND,2024,31.303506933606812,0.3130350693360681,0.6869649306639318,,0,,Never Treated,inf,0,False
NE,1976,39.37354855260315,0.3937354855260315,0.6062645144739685,,0,,Never Treated,inf,0,False
NE,1980,28.417554871780858,0.2841755487178086,0.7158244512821914,,0,,Never Treated,inf,0,False
NE,1984,28.995246326707004,0.28995246326707,0.71004753673293,,0,,Never Treated,inf,0,False
NE,1988,39.44591450582859,0.3944591450582859,0.6055408549417141,,0,,Never Treated,inf,0,False
NE,1992,38.688269567668435,0.3868826956766844,0.6131173043233157,,0,,Never Treated,inf,0,False
NE,1996,39.44517749921696,0.3944517749921696,0.6055482250078303,,0,,Never Treated,inf,0,False
NE,2000,34.82051913791497,0.3482051913791497,0.6517948086208503,,0,,Never Treated,inf,0,False
NE,2004,33.1526627404053,0.331526627404053,0.6684733725959471,,0,,Never Treated,inf,0,False
NE,2008,42.39092557783436,0.4239092557783436,0.5760907442216564,,0,,Never Treated,inf,0,False
NE,2012,38.87060973177463,0.3887060973177463,0.6112939026822536,,0,,Never Treated,inf,0,False
NE,2016,36.45232588682243,0.3645232588682243,0.6354767411317757,,0,,Never Treated,inf,0,False
NE,2020,40.21594775339827,0.4021594775339827,0.5978405224660173,,0,,Never Treated,inf,0,False
NE,2024,39.5796583480511,0.395796583480511,0.604203416519489,,0,,Never Treated,inf,0,False
NH,1976,44.26074704718508,0.4426074704718508,0.5573925295281492,,0,,Never Treated,inf,0,False
NH,1980,32.93230762715197,0.3293230762715197,0.6706769237284803,,0,,Never Treated,inf,0,False
NH,1984,31.06554774559431,0.3106554774559431,0.6893445225440569,,0,,Never Treated,inf,0,False
NH,1988,36.76636727286612,0.3676636727286612,0.6323363272713388,,0,,Never Treated,inf,0,False
NH,1992,50.7965513554495,0.507965513554495,0.492034486445505,,0,,Never Treated,inf,0,False
NH,1996,55.61163171068921,0.5561163171068921,0.4438836828931079,,0,,Never Treated,inf,0,False
NH,2000,49.33219980478119,0.4933219980478119,0.506678001952188,,0,,Never Treated,inf,0,False
NH,2004,50.690288620137316,0.5069028862013731,0.4930971137986268,,0,,Never Treated,inf,0,False
NH,2008,54.868541120109505,0.548685411201095,0.4513145887989049,,0,,Never Treated,inf,0,False
NH,2012,52.83375197825811,0.528337519782581,0.4716624802174189,,0,,Never Treated,inf,0,False
NH,2016,50.1970284423807,0.501970284423807,0.4980297155761929,,0,,Never Treated,inf,0,False
NH,2020,53.748347721595046,0.5374834772159505,0.4625165227840496,,0,,Never Treated,inf,0,False
NH,2024,51.40761159304928,0.5140761159304928,0.4859238840695072,,0,,Never Treated,inf,0,False
NJ,1976,48.89933152604929,0.4889933152604929,0.511006684739507,2021.0,0,-45.0,Late (2019+),2021.0,1,True
NJ,1980,42.59085548536872,0.4259085548536872,0.5740914451463127,2021.0,0,-41.0,Late (2019+),2021.0,1,True
NJ,1984,39.478608918503646,0.3947860891850365,0.6052139108149635,2021.0,0,-37.0,Late (2019+),2021.0,1,True
NJ,1988,43.09884238646482,0.4309884238646482,0.5690115761353517,2021.0,0,-33.0,Late (2019+),2021.0,1,True
NJ,1992,51.42031835209345,0.5142031835209345,0.4857968164790655,2021.0,0,-29.0,Late (2019+),2021.0,1,True
NJ,1996,59.9667932033127,0.599667932033127,0.400332067966873,2021.0,0,-25.0,Late (2019+),2021.0,1,True
NJ,2000,58.211409416720926,0.5821140941672093,0.4178859058327907,2021.0,0,-21.0,Late (2019+),2021.0,1,True
NJ,2004,53.37053631884221,0.5337053631884221,0.4662946368115779,2021.0,0,-17.0,Late (2019+),2021.0,1,True
NJ,2008,57.86462987142394,0.5786462987142394,0.4213537012857605,2021.0,0,-13.0,Late (2019+),2021.0,1,True
NJ,2012,58.95196555058577,0.5895196555058577,0.4104803444941423,2021.0,0,-9.0,Late (2019+),2021.0,1,True
NJ,2016,57.284190142901295,0.5728419014290129,0.4271580985709871,2021.0,0,-5.0,Late (2019+),2021.0,1,True
NJ,2020,58.07241866754123,0.5807241866754123,0.4192758133245877,2021.0,0,-1.0,Late (2019+),2021.0,1,True
NJ,2024,53.01387371661676,0.5301387371661676,0.4698612628338324,2021.0,1,3.0,Late (2019+),2021.0,1,True
NM,1976,48.755232483451174,0.4875523248345117,0.5124476751654883,2021.0,0,-45.0,Late (2019+),2021.0,1,True
NM,1980,40.09173325688895,0.4009173325688895,0.5990826674311105,2021.0,0,-41.0,Late (2019+),2021.0,1,True
NM,1984,39.65040187081179,0.3965040187081179,0.603495981291882,2021.0,0,-37.0,Late (2019+),2021.0,1,True
NM,1988,47.490084259514646,0.4749008425951464,0.5250991574048536,2021.0,0,-33.0,Late (2019+),2021.0,1,True
NM,1992,55.14215676975641,0.5514215676975641,0.4485784323024359,2021.0,0,-29.0,Late (2019+),2021.0,1,True
NM,1996,54.02413056103159,0.5402413056103159,0.4597586943896841,2021.0,0,-25.0,Late (2019+),2021.0,1,True
NM,2000,50.03192602930914,0.5003192602930914,0.4996807397069085,2021.0,0,-21.0,Late (2019+),2021.0,1,True
NM,2004,49.59966411364511,0.4959966411364511,0.5040033588635489,2021.0,0,-17.0,Late (2019+),2021.0,1,True
NM,2008,57.664900018797596,0.5766490001879759,0.4233509998120241,2021.0,0,-13.0,Late (2019+),2021.0,1,True
NM,2012,55.295204646908694,0.5529520464690869,0.447047953530913,2021.0,0,-9.0,Late (2019+),2021.0,1,True
NM,2016,54.65079493432411,0.5465079493432411,0.4534920506567589,2021.0,0,-5.0,Late (2019+),2021.0,1,True
NM,2020,55.518490151719746,0.5551849015171975,0.4448150984828026,2021.0,0,-1.0,Late (2019+),2021.0,1,True
NM,2024,53.070906114323655,0.5307090611432366,0.4692909388567635,2021.0,1,3.0,Late (2019+),2021.0,1,True
NV,1976,47.73060407118378,0.4773060407118378,0.5226939592881622,,0,,Never Treated,inf,0,False
NV,1980,30.07267133699923,0.3007267133699923,0.6992732866300078,,0,,Never Treated,inf,0,False
NV,1984,32.68431844521708,0.3268431844521708,0.6731568155478291,,0,,Never Treated,inf,0,False
NV,1988,39.18141083541434,0.3918141083541434,0.6081858916458566,,0,,Never Treated,inf,0,False
NV,1992,51.824777519617726,0.5182477751961773,0.4817522248038227,,0,,Never Treated,inf,0,False
NV,1996,50.58653135524703,0.5058653135524703,0.4941346864475296,,0,,Never Treated,inf,0,False
NV,2000,48.14316150032757,0.4814316150032757,0.5185683849967243,,0,,Never Treated,inf,0,False
NV,2004,48.6824042751385,0.486824042751385,0.513175957248615,,0,,Never Treated,inf,0,False
NV,2008,56.3867381251961,0.563867381251961,0.4361326187480389,,0,,Never Treated,inf,0,False
NV,2012,53.407542163346534,0.5340754216334653,0.4659245783665346,,0,,Never Treated,inf,0,False
NV,2016,51.2937094199852,0.512937094199852,0.487062905800148,,0,,Never Treated,inf,0,False
NV,2020,51.2231173400438,0.512231173400438,0.4877688265995619,,0,,Never Treated,inf,0,False
NV,2024,48.42049104574149,0.4842049104574149,0.5157950895425851,,0,,Never Treated,inf,0,False
NY,1976,52.22458761462596,0.5222458761462596,0.4777541238537404,2016.0,0,-40.0,Middle (2011-2018),2016.0,2,True
NY,1980,48.52852164889812,0.4852852164889812,0.5147147835110187,2016.0,0,-36.0,Middle (2011-2018),2016.0,2,True
NY,1984,45.98228104237208,0.4598228104237208,0.5401771895762791,2016.0,0,-32.0,Middle (2011-2018),2016.0,2,True
NY,1988,52.06859423682372,0.5206859423682372,0.4793140576317628,2016.0,0,-28.0,Middle (2011-2018),2016.0,2,True
NY,1992,59.47834771949159,0.5947834771949159,0.4052165228050841,2016.0,0,-24.0,Middle (2011-2018),2016.0,2,True
NY,1996,66.01749592111598,0.6601749592111598,0.3398250407888402,2016.0,0,-20.0,Middle (2011-2018),2016.0,2,True
NY,2000,63.0878852342418,0.630878852342418,0.3691211476575819,2016.0,0,-16.0,Middle (2011-2018),2016.0,2,True
NY,2004,59.28776570401989,0.5928776570401989,0.4071223429598011,2016.0,0,-12.0,Middle (2011-2018),2016.0,2,True
NY,2008,63.57668110312692,0.6357668110312692,0.3642331889687307,2016.0,0,-8.0,Middle (2011-2018),2016.0,2,True
NY,2012,64.27592703666923,0.6427592703666923,0.3572407296333076,2016.0,0,-4.0,Middle (2011-2018),2016.0,2,True
NY,2016,61.77244118423061,0.6177244118423061,0.3822755881576938,2016.0,1,0.0,Middle (2011-2018),2016.0,2,True
NY,2020,61.73605254198259,0.6173605254198259,0.3826394745801741,2016.0,1,4.0,Middle (2011-2018),2016.0,2,True
NY,2024,56.34474305856947,0.5634474305856947,0.4365525694143053,2016.0,1,8.0,Middle (2011-2018),2016.0,2,True
OH,1976,50.11635459664861,0.5011635459664862,0.4988364540335138,,0,,Never Treated,inf,0,False
OH,1980,44.26451498992538,0.4426451498992538,0.5573548501007461,,0,,Never Treated,inf,0,False
OH,1984,40.529316280931674,0.4052931628093167,0.5947068371906832,,0,,Never Treated,inf,0,False
OH,1988,44.525935349749254,0.4452593534974925,0.5547406465025074,,0,,Never Treated,inf,0,False
OH,1992,51.16816334695452,0.5116816334695452,0.4883183665304548,,0,,Never Treated,inf,0,False
OH,1996,53.59694918172055,0.5359694918172054,0.4640305081827946,,0,,Never Treated,inf,0,False
OH,2000,48.16127777933392,0.4816127777933392,0.5183872222066608,,0,,Never Treated,inf,0,False
OH,2004,48.94125599521079,0.4894125599521079,0.510587440047892,,0,,Never Treated,inf,0,False
OH,2008,52.33384076225413,0.5233384076225412,0.4766615923774587,,0,,Never Treated,inf,0,False
OH,2012,51.51405676924949,0.5151405676924949,0.484859432307505,,0,,Never Treated,inf,0,False
OH,2016,45.73231542286409,0.4573231542286409,0.5426768457713591,,0,,Never Treated,inf,0,False
OH,2020,45.92330235229728,0.4592330235229728,0.5407669764770272,,0,,Never Treated,inf,0,False
OH,2024,44.34338528636296,0.4434338528636296,0.5565661471363703,,0,,Never Treated,inf,0,False
OK,1976,49.38477948337429,0.4938477948337429,0.506152205166257,,0,,Never Treated,inf,0,False
OK,1980,36.6278667196309,0.366278667196309,0.633721332803691,,0,,Never Treated,inf,0,False
OK,1984,30.890174152301043,0.3089017415230104,0.6910982584769896,,0,,Never Treated,inf,0,False
OK,1988,41.610187727558326,0.4161018772755833,0.5838981227244167,,0,,Never Treated,inf,0,False
OK,1992,44.37788169738132,0.4437788169738132,0.5562211830261868,,0,,Never Treated,inf,0,False
OK,1996,45.59939089329422,0.4559939089329422,0.5440060910670578,,0,,Never Treated,inf,0,False
OK,2000,38.91932877788108,0.3891932877788108,0.6108067122211892,,0,,Never Treated,inf,0,False
OK,2004,34.42959833524394,0.3442959833524394,0.6557040166475606,,0,,Never Treated,inf,0,False
OK,2008,34.3549188773065,0.343549188773065,0.656450811226935,,0,,Never Treated,inf,0,False
OK,2012,33.22768025698344,0.3322768025698344,0.6677231974301656,,0,,Never Treated,inf,0,False
OK,2016,30.69526276167186,0.3069526276167186,0.6930473723832813,,0,,Never Treated,inf,0,False
OK,2020,33.059960503093485,0.3305996050309349,0.6694003949690651,,0,,Never Treated,inf,0,False
OK,2024,32.529958093829194,0.3252995809382919,0.6747004190617081,,0,,Never Treated,inf,0,False
OR,1976,49.91282682307967,0.4991282682307967,0.5008717317692033,2021.0,0,-45.0,Late (2019+),2021.0,3,True
OR,1980,44.447406156426375,0.4444740615642638,0.5555259384357362,2021.0,0,-41.0,Late (2019+),2021.0,3,True
OR,1984,43.89528866066263,0.4389528866066263,0.5610471133933737,2021.0,0,-37.0,Late (2019+),2021.0,3,True
OR,1988,52.383680797597954,0.5238368079759795,0.4761631920240204,2021.0,0,-33.0,Late (2019+),2021.0,3,True
OR,1992,56.63389151659282,0.5663389151659282,0.4336610848340718,2021.0,0,-29.0,Late (2019+),2021.0,3,True
OR,1996,54.69311571965822,0.5469311571965823,0.4530688428034177,2021.0,0,-25.0,Late (2019+),2021.0,3,True
OR,2000,50.235891985530564,0.5023589198553057,0.4976410801446944,2021.0,0,-21.0,Late (2019+),2021.0,3,True
OR,2004,52.108625774450076,0.5210862577445008,0.4789137422554992,2021.0,0,-17.0,Late (2019+),2021.0,3,True
OR,2008,58.41372117722719,0.5841372117722718,0.4158627882277282,2021.0,0,-13.0,Late (2019+),2021.0,3,True
OR,2012,56.27116717874738,0.5627116717874738,0.4372883282125261,2021.0,0,-9.0,Late (2019+),2021.0,3,True
OR,2016,56.155838945054356,0.5615583894505436,0.4384416105494564,2021.0,0,-5.0,Late (2019+),2021.0,3,True
OR,2020,58.307156985441736,0.5830715698544173,0.4169284301455827,2021.0,0,-1.0,Late (2019+),2021.0,3,True
OR,2024,57.42616562386635,0.5742616562386635,0.4257383437613364,2021.0,1,3.0,Late (2019+),2021.0,3,True
PA,1976,51.3571390921736,0.513571390921736,0.486428609078264,,0,,Never Treated,inf,0,False
PA,1980,46.13836413288336,0.4613836413288336,0.5386163586711663,,0,,Never Treated,inf,0,False
PA,1984,46.29926852287835,0.4629926852287835,0.5370073147712165,,0,,Never Treated,inf,0,False
PA,1988,48.83045300466226,0.4883045300466226,0.5116954699533774,,0,,Never Treated,inf,0,False
PA,1992,55.548529461015306,0.5554852946101531,0.4445147053898469,,0,,Never Treated,inf,0,False
PA,1996,55.16120536083255,0.5516120536083254,0.4483879463916745,,0,,Never Treated,inf,0,False
PA,2000,52.14847871680315,0.5214847871680315,0.4785152128319685,,0,,Never Treated,inf,0,False
PA,2004,51.25828209706239,0.5125828209706239,0.4874171790293761,,0,,Never Treated,inf,0,False
PA,2008,55.229703815484456,0.5522970381548445,0.4477029618451555,,0,,Never Treated,inf,0,False
PA,2012,52.73193400189182,0.5273193400189182,0.4726806599810817,,0,,Never Treated,inf,0,False
PA,2016,49.62446419250984,0.4962446419250984,0.5037553580749017,,0,,Never Treated,inf,0,False
PA,2020,50.5985576831693,0.505985576831693,0.494014423168307,,0,,Never Treated,inf,0,False
PA,2024,49.13680765393642,0.4913680765393642,0.5086319234606358,,0,,Never Treated,inf,0,False
RI,1976,55.67237731880602,0.5567237731880602,0.4432762268119398,2022.0,0,-46.0,Late (2019+),2022.0,1,True
RI,1980,56.166055474535234,0.5616605547453524,0.4383394452546476,2022.0,0,-42.0,Late (2019+),2022.0,1,True
RI,1984,48.1702697550747,0.481702697550747,0.5182973024492529,2022.0,0,-38.0,Late (2019+),2022.0,1,True
RI,1988,55.87787055331063,0.5587787055331063,0.4412212944668937,2022.0,0,-34.0,Late (2019+),2022.0,1,True
RI,1992,61.84372281820818,0.6184372281820818,0.3815627718179182,2022.0,0,-30.0,Late (2019+),2022.0,1,True
RI,1996,69.0042133874984,0.690042133874984,0.3099578661250159,2022.0,0,-26.0,Late (2019+),2022.0,1,True
RI,2000,65.64911606759932,0.6564911606759932,0.3435088393240068,2022.0,0,-22.0,Late (2019+),2022.0,1,True
RI,2004,60.57751057587814,0.6057751057587814,0.3942248942412186,2022.0,0,-18.0,Late (2019+),2022.0,1,True
RI,2008,64.19813750914577,0.6419813750914577,0.3580186249085422,2022.0,0,-14.0,Late (2019+),2022.0,1,True
RI,2012,64.01674597888211,0.6401674597888212,0.3598325402111788,2022.0,0,-10.0,Late (2019+),2022.0,1,True
RI,2016,58.31070409265982,0.5831070409265982,0.4168929590734018,2022.0,0,-6.0,Late (2019+),2022.0,1,True
RI,2020,60.59935988395926,0.6059935988395926,0.3940064011604074,2022.0,0,-2.0,Late (2019+),2022.0,1,True
RI,2024,57.08120313394534,0.5708120313394534,0.4291879686605466,2022.0,1,2.0,Late (2019+),2022.0,1,True
SC,1976,56.566109044915905,0.565661090449159,0.4343389095508409,,0,,Never Treated,inf,0,False
SC,1980,49.36270672982154,0.4936270672982154,0.5063729327017845,,0,,Never Treated,inf,0,False
SC,1984,35.88122058587622,0.3588122058587622,0.6411877941412378,,0,,Never Treated,inf,0,False
SC,1988,37.92785443558168,0.3792785443558168,0.6207214556441831,,0,,Never Treated,inf,0,False
SC,1992,47.64315457275972,0.4764315457275972,0.5235684542724028,,0,,Never Treated,inf,0,False
SC,1996,46.88802407801454,0.4688802407801454,0.5311197592198545,,0,,Never Treated,inf,0,False
SC,2000,41.83789393234974,0.4183789393234974,0.5816210606765027,,0,,Never Treated,inf,0,False
SC,2004,41.363541740250795,0.4136354174025079,0.586364582597492,,0,,Never Treated,inf,0,False
SC,2008,45.45557081079087,0.4545557081079087,0.5454442918920913,,0,,Never Treated,inf,0,False
SC,2012,44.69174529543462,0.4469174529543462,0.5530825470456537,,0,,Never Treated,inf,0,False
SC,2016,42.53974363947598,0.4253974363947598,0.5746025636052402,,0,,Never Treated,inf,0,False
SC,2020,44.0733912504179,0.440733912504179,0.559266087495821,,0,,Never Treated,inf,0,False
SC,2024,40.93831738648092,0.4093831738648092,0.5906168261351907,,0,,Never Treated,inf,0,False
SD,1976,49.25696563319523,0.4925696563319523,0.5074303436680477,,0,,Never Treated,inf,0,False
SD,1980,34.36654114190034,0.3436654114190034,0.6563345885809966,,0,,Never Treated,inf,0,False
SD,1984,36.70048675643214,0.3670048675643214,0.6329951324356786,,0,,Never Treated,inf,0,False
SD,1988,46.8076211914141,0.468076211914141,0.5319237880858589,,0,,Never Treated,inf,0,False
SD,1992,47.73896623166135,0.4773896623166135,0.5226103376833865,,0,,Never Treated,inf,0,False
SD,1996,48.06641460486552,0.4806641460486552,0.5193358539513447,,0,,Never Treated,inf,0,False
SD,2000,38.38528742762613,0.3838528742762613,0.6161471257237386,,0,,Never Treated,inf,0,False
SD,2004,39.08670919890631,0.3908670919890631,0.6091329080109369,,0,,Never Treated,inf,0,False
SD,2008,45.70429276588462,0.4570429276588462,0.5429570723411538,,0,,Never Treated,inf,0,False
SD,2012,40.78150086180476,0.4078150086180476,0.5921849913819525,,0,,Never Treated,inf,0,False
SD,2016,34.02814192056875,0.3402814192056875,0.6597185807943126,,0,,Never Treated,inf,0,False
SD,2020,36.5652201383185,0.365652201383185,0.634347798616815,,0,,Never Treated,inf,0,False
SD,2024,35.054900463073466,0.3505490046307347,0.6494509953692653,,0,,Never Treated,inf,0,False
TN,1976,56.57294458053167,0.5657294458053167,0.4342705541946833,,0,,Never Treated,inf,0,False
TN,1980,49.850077539514594,0.4985007753951459,0.5014992246048541,,0,,Never Treated,inf,0,False
TN,1984,41.818151905547005,0.4181815190554701,0.5818184809445299,,0,,Never Treated,inf,0,False
TN,1988,41.78135949802923,0.4178135949802923,0.5821864050197078,,0,,Never Treated,inf,0,False
TN,1992,52.598036647075965,0.5259803664707596,0.4740196335292404,,0,,Never Treated,inf,0,False
TN,1996,51.286642341860556,0.5128664234186056,0.4871335765813944,,0,,Never Treated,inf,0,False
TN,2000,48.03713321482099,0.4803713321482099,0.5196286678517901,,0,,Never Treated,inf,0,False
TN,2004,42.81455454525927,0.4281455454525927,0.5718544545474072,,0,,Never Treated,inf,0,False
TN,2008,42.36852819764554,0.4236852819764554,0.5763147180235446,,0,,Never Treated,inf,0,False
TN,2012,39.64892847370595,0.3964892847370595,0.6035107152629404,,0,,Never Treated,inf,0,False
TN,2016,36.37565695473801,0.3637565695473801,0.6362434304526199,,0,,Never Treated,inf,0,False
TN,2020,38.17222962793364,0.3817222962793364,0.6182777037206635,,0,,Never Treated,inf,0,False
TN,2024,34.93945017250333,0.3493945017250333,0.6506054982749667,,0,,Never Treated,inf,0,False
TX,1976,51.59850322837711,0.5159850322837711,0.4840149677162289,,0,,Never Treated,inf,0,False
TX,1980,42.832659206184545,0.4283265920618454,0.5716734079381546,,0,,Never Treated,inf,0,False
TX,1984,36.21369482698658,0.3621369482698658,0.6378630517301341,,0,,Never Treated,inf,0,False
TX,1988,43.65366706886273,0.4365366706886273,0.5634633293113727,,0,,Never Treated,inf,0,False
TX,1992,47.7578368341145,0.477578368341145,0.522421631658855,,0,,Never Treated,inf,0,False
TX,1996,47.33937661787773,0.4733937661787773,0.5266062338212227,,0,,Never Treated,inf,0,False
TX,2000,39.04372985143706,0.3904372985143706,0.6095627014856294,,0,,Never Treated,inf,0,False
TX,2004,38.48980810289008,0.3848980810289008,0.6151019189710992,,0,,Never Treated,inf,0,False
TX,2008,44.06406324905928,0.4406406324905928,0.5593593675094072,,0,,Never Treated,inf,0,False
TX,2012,41.99210278489361,0.4199210278489361,0.5800789721510639,,0,,Never Treated,inf,0,False
TX,2016,45.28677442202801,0.4528677442202801,0.5471322557797199,,0,,Never Treated,inf,0,False
TX,2020,47.16927876322047,0.4716927876322047,0.5283072123677953,,0,,Never Treated,inf,0,False
TX,2024,43.060966099190765,0.4306096609919077,0.5693903390080923,,0,,Never Treated,inf,0,False
UT,1976,35.01994161740555,0.3501994161740555,0.6498005838259445,2024.0,0,-48.0,Late (2019+),2024.0,1,True
UT,1980,22.034814957984082,0.2203481495798408,0.7796518504201592,2024.0,0,-44.0,Late (2019+),2024.0,1,True
UT,1984,24.87997899031825,0.2487997899031825,0.7512002100968175,2024.0,0,-40.0,Late (2019+),2024.0,1,True
UT,1988,32.61212516809927,0.3261212516809927,0.6738787483190072,2024.0,0,-36.0,Late (2019+),2024.0,1,True
UT,1992,36.24642088601967,0.3624642088601967,0.6375357911398033,2024.0,0,-32.0,Late (2019+),2024.0,1,True
UT,1996,37.98051218074387,0.3798051218074387,0.6201948781925614,2024.0,0,-28.0,Late (2019+),2024.0,1,True
UT,2000,28.274494568675863,0.2827449456867586,0.7172550543132414,2024.0,0,-24.0,Late (2019+),2024.0,1,True
UT,2004,26.65356083987796,0.2665356083987796,0.7334643916012205,2024.0,0,-20.0,Late (2019+),2024.0,1,True
UT,2008,35.47363862725993,0.3547363862725993,0.6452636137274007,2024.0,0,-16.0,Late (2019+),2024.0,1,True
UT,2012,25.373811104852518,0.2537381110485252,0.7462618889514748,2024.0,0,-12.0,Late (2019+),2024.0,1,True
UT,2016,37.61710165458871,0.3761710165458871,0.6238289834541129,2024.0,0,-8.0,Late (2019+),2024.0,1,True
UT,2020,39.30639487814836,0.3930639487814836,0.6069360512185163,2024.0,0,-4.0,Late (2019+),2024.0,1,True
UT,2024,38.8946503833007,0.388946503833007,0.611053496166993,2024.0,1,0.0,Late (2019+),2024.0,1,True
VA,1976,49.313581144536336,0.4931358114453634,0.5068641885546367,,0,,Never Treated,inf,0,False
VA,1980,43.18413947087553,0.4318413947087553,0.5681586052912446,,0,,Never Treated,inf,0,False
VA,1984,37.32431206078015,0.3732431206078015,0.6267568793921985,,0,,Never Treated,inf,0,False
VA,1988,39.64105394241759,0.3964105394241759,0.6035894605758241,,0,,Never Treated,inf,0,False
VA,1992,47.44498706585656,0.4744498706585656,0.5255501293414344,,0,,Never Treated,inf,0,False
VA,1996,48.939405492933105,0.4893940549293311,0.5106059450706689,,0,,Never Treated,inf,0,False
VA,2000,45.85276369416675,0.4585276369416675,0.5414723630583325,,0,,Never Treated,inf,0,False
VA,2004,45.866303286469936,0.4586630328646994,0.5413369671353006,,0,,Never Treated,inf,0,False
VA,2008,53.18258440612755,0.5318258440612755,0.4681741559387244,,0,,Never Treated,inf,0,False
VA,2012,51.967376688764475,0.5196737668876448,0.4803262331123551,,0,,Never Treated,inf,0,False
VA,2016,52.826376277154694,0.528263762771547,0.471736237228453,,0,,Never Treated,inf,0,False
VA,2020,55.15468699939991,0.551546869993999,0.4484531300060009,,0,,Never Treated,inf,0,False
VA,2024,52.95103934265658,0.5295103934265658,0.4704896065734342,,0,,Never Treated,inf,0,False
VT,1976,43.66136318994303,0.4366136318994303,0.5633863681005696,2018.0,0,-42.0,Middle (2011-2018),2018.0,2,True
VT,1980,46.410692037603354,0.4641069203760335,0.5358930796239665,2018.0,0,-38.0,Middle (2011-2018),2018.0,2,True
VT,1984,41.3350892722209,0.413350892722209,0.586649107277791,2018.0,0,-34.0,Middle (2011-2018),2018.0,2,True
VT,1988,48.21828692327555,0.4821828692327555,0.5178171307672444,2018.0,0,-30.0,Middle (2011-2018),2018.0,2,True
VT,1992,60.25420135850691,0.6025420135850691,0.3974579864149309,2018.0,0,-26.0,Middle (2011-2018),2018.0,2,True
VT,1996,63.182830384062015,0.6318283038406202,0.3681716961593798,2018.0,0,-22.0,Middle (2011-2018),2018.0,2,True
VT,2000,55.4403508967734,0.554403508967734,0.445596491032266,2018.0,0,-18.0,Middle (2011-2018),2018.0,2,True
VT,2004,60.30100213925116,0.6030100213925116,0.3969899786074883,2018.0,0,-14.0,Middle (2011-2018),2018.0,2,True
VT,2008,68.8991817393381,0.688991817393381,0.311008182606619,2018.0,0,-10.0,Middle (2011-2018),2018.0,2,True
VT,2012,68.24725882639062,0.6824725882639062,0.3175274117360937,2018.0,0,-6.0,Middle (2011-2018),2018.0,2,True
VT,2016,65.18642632382037,0.6518642632382037,0.3481357367617962,2018.0,0,-2.0,Middle (2011-2018),2018.0,2,True
VT,2020,68.29918655280656,0.6829918655280656,0.3170081344719344,2018.0,1,2.0,Middle (2011-2018),2018.0,2,True
VT,2024,66.38521788584009,0.663852178858401,0.336147821141599,2018.0,1,6.0,Middle (2011-2018),2018.0,2,True
WA,1976,47.97970643220483,0.4797970643220483,0.5202029356779516,2018.0,0,-42.0,Middle (2011-2018),2018.0,4,True
WA,1980,42.9046539051112,0.429046539051112,0.570953460948888,2018.0,0,-38.0,Middle (2011-2018),2018.0,4,True
WA,1984,43.15364898363371,0.4315364898363371,0.5684635101636629,2018.0,0,-34.0,Middle (2011-2018),2018.0,4,True
WA,1988,50.80771175458582,0.5080771175458582,0.4919228824541418,2018.0,0,-30.0,Middle (2011-2018),2018.0,4,True
WA,1992,57.59170107251123,0.5759170107251123,0.4240829892748877,2018.0,0,-26.0,Middle (2011-2018),2018.0,4,True
WA,1996,57.19465284478128,0.5719465284478128,0.4280534715521872,2018.0,0,-22.0,Middle (2011-2018),2018.0,4,True
WA,2000,52.944771009405414,0.5294477100940541,0.4705522899059459,2018.0,0,-18.0,Middle (2011-2018),2018.0,4,True
WA,2004,53.646537683452955,0.5364653768345296,0.4635346231654704,2018.0,0,-14.0,Middle (2011-2018),2018.0,4,True
WA,2008,58.75202680210895,0.5875202680210895,0.4124797319789105,2018.0,0,-10.0,Middle (2011-2018),2018.0,4,True
WA,2012,57.62829827062185,0.5762829827062185,0.4237170172937815,2018.0,0,-6.0,Middle (2011-2018),2018.0,4,True
WA,2016,58.786931200064764,0.5878693120006476,0.4121306879993523,2018.0,0,-2.0,Middle (2011-2018),2018.0,4,True
WA,2020,59.9255031847907,0.599255031847907,0.4007449681520931,2018.0,1,2.0,Middle (2011-2018),2018.0,4,True
WA,2024,59.46477573970576,0.5946477573970576,0.4053522426029424,2018.0,1,6.0,Middle (2011-2018),2018.0,4,True
WI,1976,50.86164366749967,0.5086164366749967,0.4913835633250033,,0,,Never Treated,inf,0,False
WI,1980,47.40969142143971,0.4740969142143971,0.5259030857856029,,0,,Never Treated,inf,0,False
WI,1984,45.37798429037826,0.4537798429037826,0.5462201570962173,,0,,Never Treated,inf,0,False
WI,1988,51.82346629456104,0.5182346629456104,0.4817653370543896,,0,,Never Treated,inf,0,False
WI,1992,52.79450850211545,0.5279450850211544,0.4720549149788455,,0,,Never Treated,inf,0,False
WI,1996,55.91919666145019,0.5591919666145019,0.4408080333854982,,0,,Never Treated,inf,0,False
WI,2000,50.115068303157805,0.5011506830315781,0.4988493169684219,,0,,Never Treated,inf,0,False
WI,2004,50.19180327426924,0.5019180327426924,0.4980819672573075,,0,,Never Treated,inf,0,False
WI,2008,57.055678247818406,0.5705567824781841,0.4294432175218158,,0,,Never Treated,inf,0,False
WI,2012,53.46342998287241,0.5346342998287241,0.4653657001712759,,0,,Never Treated,inf,0,False
WI,2016,49.59201096197028,0.4959201096197028,0.5040798903802971,,0,,Never Treated,inf,0,False
WI,2020,50.319063266533995,0.5031906326653399,0.4968093673346601,,0,,Never Treated,inf,0,False
WI,2024,49.56330560882747,0.4956330560882747,0.5043669439117252,,0,,Never Treated,inf,0,False
WV,1976,58.06951864533234,0.5806951864533234,0.4193048135466766,,0,,Never Treated,inf,0,False
WV,1980,52.36978172012975,0.5236978172012975,0.4763021827987025,,0,,Never Treated,inf,0,False
WV,1984,44.72756567540157,0.4472756567540157,0.5527243432459842,,0,,Never Treated,inf,0,False
WV,1988,52.376893197620575,0.5237689319762058,0.4762310680237943,,0,,Never Treated,inf,0,False
WV,1992,57.76883808194074,0.5776883808194074,0.4223116191805925,,0,,Never Treated,inf,0,False
WV,1996,58.35466517610786,0.5835466517610786,0.4164533482389214,,0,,Never Treated,inf,0,False
WV,2000,46.75792598406258,0.4675792598406258,0.5324207401593741,,0,,Never Treated,inf,0,False
WV,2004,43.52028937025451,0.4352028937025451,0.5647971062974548,,0,,Never Treated,inf,0,False
WV,2008,43.32625623286275,0.4332625623286275,0.5667374376713725,,0,,Never Treated,inf,0,False
WV,2012,36.325702367957255,0.3632570236795726,0.6367429763204273,,0,,Never Treated,inf,0,False
WV,2016,27.838947748704218,0.2783894774870422,0.7216105225129578,,0,,Never Treated,inf,0,False
WV,2020,30.201467686077972,0.3020146768607797,0.6979853231392202,,0,,Never Treated,inf,0,False
WV,2024,28.656107719976198,0.286561077199762,0.713438922800238,,0,,Never Treated,inf,0,False
WY,1976,40.16559539482175,0.4016559539482175,0.5983440460517825,,0,,Never Treated,inf,0,False
WY,1980,30.86737402187014,0.3086737402187014,0.6913262597812986,,0,,Never Treated,inf,0,False
WY,1984,28.59960023792809,0.2859960023792809,0.7140039976207191,,0,,Never Treated,inf,0,False
WY,1988,38.57512357742269,0.3857512357742269,0.6142487642257731,,0,,Never Treated,inf,0,False
WY,1992,46.20797657060342,0.4620797657060342,0.5379202342939657,,0,,Never Treated,inf,0,False
WY,1996,42.51208256510402,0.4251208256510402,0.5748791743489597,,0,,Never Treated,inf,0,False
WY,2000,29.01769435968296,0.2901769435968296,0.7098230564031704,,0,,Never Treated,inf,0,False
WY,2004,29.68729682682829,0.2968729682682829,0.7031270317317171,,0,,Never Treated,inf,0,False
WY,2008,33.43797664490409,0.3343797664490409,0.6656202335509591,,0,,Never Treated,inf,0,False
WY,2012,28.839365988478573,0.2883936598847857,0.7116063401152143,,0,,Never Treated,inf,0,False
WY,2016,24.294680370846212,0.2429468037084621,0.7570531962915379,,0,,Never Treated,inf,0,False
WY,2020,27.5195656244149,0.275195656244149,0.724804343755851,,0,,Never Treated,inf,0,False
WY,2024,26.520826975892582,0.2652082697589258,0.7347917302410741,,0,,Never Treated,inf,0,False
