state,year,dem_votes,gop_votes,total_votes,dem_two_party_share,dem_seats,gop_seats,total_seats,dem_seat_share
AK,1976,34194,83722,117916,29.0,0,1,1,0.0
AK,1978,55176,68811,123987,44.5,0,1,1,0.0
AK,1980,39922,114089,154011,25.92,0,1,1,0.0
AK,1982,52011,128274,180285,28.85,0,1,1,0.0
AK,1984,86052,113582,199634,43.1,0,1,1,0.0
AK,1986,74053,101799,175852,42.11,0,1,1,0.0
AK,1988,71881,120595,192476,37.35,0,1,1,0.0
AK,1990,91677,99003,190680,48.08,0,1,1,0.0
AK,1992,102378,111849,214227,47.79,0,1,1,0.0
AK,1994,68172,118537,186709,36.51,0,1,1,0.0
AK,1996,85114,138834,223948,38.01,0,1,1,0.0
AK,1998,77232,139676,216908,35.61,0,1,1,0.0
AK,2000,45372,190862,236234,19.21,0,1,1,0.0
AK,2002,39357,169685,209042,18.83,0,1,1,0.0
AK,2004,67074,213216,280290,23.93,0,1,1,0.0
AK,2006,93879,132743,226622,41.43,0,1,1,0.0
AK,2008,142560,158939,301499,47.28,0,1,1,0.0
AK,2010,77606,175384,252990,30.68,0,1,1,0.0
AK,2012,82927,185296,268223,30.92,0,1,1,0.0
AK,2014,114602,142572,257174,44.56,0,1,1,0.0
AK,2016,111019,155088,266107,41.72,0,1,1,0.0
AK,2018,131199,149779,280978,46.69,0,1,1,0.0
AK,2020,159856,192126,351982,45.42,0,1,1,0.0
AK,2022,128553,129379,257932,49.84,1,0,1,100.0
AK,2024,156245,159550,315795,49.48,0,1,1,0.0
AL,1976,667052,314970,982022,67.93,4,3,7,57.14
AL,1978,439564,197176,636740,69.03,4,3,7,57.14
AL,1980,628133,354224,982357,63.94,4,3,7,57.14
AL,1982,676584,272510,949094,71.29,5,2,7,71.43
AL,1984,821773,308182,1129955,72.73,5,2,7,71.43
AL,1986,678716,436357,1115073,60.87,5,2,7,71.43
AL,1988,722200,432232,1154432,62.56,5,2,7,71.43
AL,1990,689987,314735,1004722,68.67,5,2,7,71.43
AL,1992,895601,643150,1538751,58.2,4,3,7,57.14
AL,1994,554154,558437,1112591,49.81,4,3,7,57.14
AL,1996,656047,785513,1441560,45.51,2,5,7,28.57
AL,1998,545465,665625,1211090,45.04,2,5,7,28.57
AL,2000,485660,849229,1334889,36.38,2,5,7,28.57
AL,2002,507117,694606,1201723,42.2,2,5,7,28.57
AL,2004,708425,1079657,1788082,39.62,2,5,7,28.57
AL,2006,502046,627501,1129547,44.45,2,5,7,28.57
AL,2008,718367,1120903,1839270,39.06,3,4,7,42.86
AL,2010,418957,914445,1333402,31.42,1,6,7,14.29
AL,2012,693498,1233624,1927122,35.99,1,6,7,14.29
AL,2014,331764,704533,1036297,32.01,1,6,7,14.29
AL,2016,621911,1222018,1843929,33.73,1,6,7,14.29
AL,2018,678687,975737,1654424,41.02,1,6,7,14.29
AL,2020,608809,1416012,2024821,30.07,1,6,7,14.29
AL,2022,318540,942393,1260933,25.26,1,6,7,14.29
AL,2024,518197,1508754,2026951,25.57,2,5,7,28.57
AR,1976,260998,75385,336383,77.59,3,1,4,75.0
AR,1978,97890,195371,293261,33.38,2,2,4,50.0
AR,1980,42280,159149,201429,20.99,2,2,4,50.0
AR,1982,397466,361772,759238,52.35,2,2,4,50.0
AR,1984,341335,90842,432177,78.98,3,1,4,75.0
AR,1986,386672,268291,654963,59.04,3,1,4,75.0
AR,1988,353165,252756,605921,58.29,3,1,4,75.0
AR,1990,369194,295877,665071,55.51,3,1,4,75.0
AR,1992,525197,356900,882097,59.54,2,2,4,50.0
AR,1994,336123,372889,709012,47.41,2,2,4,50.0
AR,1996,395506,456033,851539,46.45,2,2,4,50.0
AR,1998,168529,319863,488392,34.51,2,2,4,50.0
AR,2000,355366,277147,632513,56.18,3,1,4,75.0
AR,2002,392086,283739,675825,58.02,3,1,4,75.0
AR,2004,426381,357840,784221,54.37,3,1,4,75.0
AR,2006,456569,306442,763011,59.84,3,1,4,75.0
AR,2008,415482,215196,630678,65.88,3,1,4,75.0
AR,2010,317975,435422,753397,42.21,1,3,4,25.0
AR,2012,304770,637591,942361,32.34,0,4,4,0.0
AR,2014,254774,509631,764405,33.33,0,4,4,0.0
AR,2016,111347,760415,871762,12.77,0,4,4,0.0
AR,2018,312978,556339,869317,36.0,0,4,4,0.0
AR,2020,330485,828266,1158751,28.52,0,4,4,0.0
AR,2022,271771,598000,869771,31.25,0,4,4,0.0
AR,2024,358749,764367,1123116,31.94,0,4,4,0.0
AZ,1976,355747,340478,696225,51.1,2,2,4,50.0
AZ,1978,261567,230573,492140,53.15,2,2,4,50.0
AZ,1980,394275,434024,828299,47.6,2,2,4,50.0
AZ,1982,300493,394872,695365,43.21,2,3,5,40.0
AZ,1984,319560,602737,922297,34.65,1,4,5,20.0
AZ,1986,260144,539940,800084,32.51,1,4,5,20.0
AZ,1988,321815,766111,1087926,29.58,1,4,5,20.0
AZ,1990,344604,620906,965510,35.69,1,4,5,20.0
AZ,1992,582317,740047,1322364,44.04,3,3,6,50.0
AZ,1994,409672,652831,1062503,38.56,1,5,6,16.67
AZ,1996,521345,800917,1322262,39.43,1,5,6,16.67
AZ,1998,406834,573651,980485,41.49,1,5,6,16.67
AZ,2000,557849,854715,1412564,39.49,1,5,6,16.67
AZ,2002,472135,681922,1154057,40.91,2,6,8,25.0
AZ,2004,597526,1127591,1725117,34.64,2,6,8,25.0
AZ,2006,627259,771246,1398505,44.85,4,4,8,50.0
AZ,2008,1055305,1021798,2077103,50.81,5,3,8,62.5
AZ,2010,711837,900510,1612347,44.15,3,5,8,37.5
AZ,2012,946994,1131663,2078657,45.56,5,4,9,55.56
AZ,2014,577943,817168,1395111,41.43,4,5,9,44.44
AZ,2016,1034687,1264785,2299472,45.0,4,5,9,44.44
AZ,2018,1179193,1139251,2318444,50.86,5,4,9,55.56
AZ,2020,1629318,1638516,3267834,49.86,5,4,9,55.56
AZ,2022,1004462,1324961,2329423,43.12,3,6,9,33.33
AZ,2024,1551107,1680841,3231948,47.99,3,6,9,33.33
CA,1976,4144324,3220418,7364742,56.27,29,14,43,67.44
CA,1978,3335332,3105933,6441265,51.78,26,17,43,60.47
CA,1980,3664614,4176462,7841076,46.74,22,21,43,51.16
CA,1982,3815205,3603102,7418307,51.43,28,17,45,62.22
CA,1984,4327237,4423734,8750971,49.45,27,18,45,60.0
CA,1986,3743542,3328109,7071651,52.94,27,18,45,60.0
CA,1988,4944646,4173715,9118361,54.23,27,18,45,60.0
CA,1990,3567775,3346962,6914737,51.6,26,19,45,57.78
CA,1992,5446965,4365155,9812120,55.51,30,22,52,57.69
CA,1994,3959954,4070290,8030244,49.31,27,25,52,51.92
CA,1996,4706276,4291644,8997920,52.3,29,23,52,55.77
CA,1998,4038257,3508530,7546787,53.51,28,24,52,53.85
CA,2000,5406623,4446295,9852918,54.87,32,20,52,61.54
CA,2002,3731081,3225666,6956747,53.63,33,20,53,62.26
CA,2004,6223698,5030821,11254519,55.3,33,20,53,62.26
CA,2006,4720164,3314398,8034562,58.75,34,19,53,64.15
CA,2008,7377725,4515372,11893097,62.03,34,19,53,64.15
CA,2010,5148828,4195494,9344322,55.1,34,19,53,64.15
CA,2012,7392703,4530012,11922715,62.01,38,15,53,71.7
CA,2014,4067737,2950679,7018416,57.96,39,14,53,73.58
CA,2016,8624432,4682033,13306465,64.81,39,14,53,73.58
CA,2018,8010445,3973396,11983841,66.84,46,7,53,86.79
CA,2020,11084234,5640667,16724901,66.27,42,11,53,79.25
CA,2022,6743737,3859666,10603403,63.6,40,12,52,76.92
CA,2024,9138709,5928084,15066793,60.65,43,9,52,82.69
CO,1976,454741,536879,991620,45.86,3,2,5,60.0
CO,1978,369635,402274,771909,47.89,3,2,5,60.0
CO,1980,505586,619504,1125090,44.94,3,2,5,60.0
CO,1982,448287,484936,933223,48.04,3,3,6,50.0
CO,1984,436041,779700,1215741,35.87,2,4,6,33.33
CO,1986,449683,566236,1015919,44.26,3,3,6,50.0
CO,1988,645469,667091,1312560,49.18,3,3,6,50.0
CO,1990,503549,487326,990875,50.82,3,3,6,50.0
CO,1992,691479,757666,1449145,47.72,2,4,6,33.33
CO,1994,364391,687070,1051461,34.66,2,4,6,33.33
CO,1996,596575,832763,1429338,41.74,2,4,6,33.33
CO,1998,533297,715820,1249117,42.69,2,4,6,33.33
CO,2000,496045,968651,1464696,33.87,2,4,6,33.33
CO,2002,589463,752998,1342461,43.91,2,5,7,28.57
CO,2004,995283,991835,1987118,50.09,3,4,7,42.86
CO,2006,832888,623792,1456680,57.18,4,3,7,57.14
CO,2008,1259723,990836,2250559,55.97,5,2,7,71.43
CO,2010,800900,884032,1684932,47.53,3,4,7,42.86
CO,2012,1080153,1143796,2223949,48.57,3,4,7,42.86
CO,2014,936417,1000197,1936614,48.35,3,4,7,42.86
CO,2016,1263791,1288618,2552409,49.51,3,4,7,42.86
CO,2018,1343211,1079772,2422983,55.44,4,3,7,57.14
CO,2020,1679052,1378248,3057300,54.92,4,3,7,57.14
CO,2022,1365427,1050960,2416387,56.51,5,3,8,62.5
CO,2024,1667301,1306086,2973387,56.07,4,4,8,50.0
CT,1976,681730,651250,1332980,51.14,4,2,6,66.67
CT,1978,592396,423474,1015870,58.31,5,1,6,83.33
CT,1980,695255,640177,1335432,52.06,4,2,6,66.67
CT,1982,577340,485491,1062831,54.32,4,2,6,66.67
CT,1984,667668,761647,1429315,46.71,3,3,6,50.0
CT,1986,544938,433977,978915,55.67,3,3,6,50.0
CT,1988,660360,676817,1337177,49.38,3,3,6,50.0
CT,1990,489206,545751,1034957,47.27,3,3,6,50.0
CT,1992,501887,699155,1201042,41.79,2,4,6,33.33
CT,1994,416095,505150,921245,45.17,3,3,6,50.0
CT,1996,674307,547084,1221391,55.21,4,2,6,66.67
CT,1998,495557,442066,937623,52.85,4,2,6,66.67
CT,2000,699237,590689,1289926,54.21,4,2,6,66.67
CT,2002,509036,465982,975018,52.21,2,3,5,40.0
CT,2004,785747,629934,1415681,55.5,2,3,5,40.0
CT,2006,648653,419895,1068548,60.7,4,1,5,80.0
CT,2008,908761,504785,1413546,64.29,5,0,5,100.0
CT,2010,634947,457976,1092923,58.1,5,0,5,100.0
CT,2012,884398,490580,1374978,64.32,5,0,5,100.0
CT,2014,596390,409513,1005903,59.29,5,0,5,100.0
CT,2016,916815,558162,1474977,62.16,5,0,5,100.0
CT,2018,808652,512495,1321147,61.21,5,0,5,100.0
CT,2020,1022792,676650,1699442,60.18,5,0,5,100.0
CT,2022,712823,521387,1234210,57.76,5,0,5,100.0
CT,2024,981762,683089,1664851,58.97,5,0,5,100.0
DC,2020,299388,0,299388,100.0,1,0,1,100.0
DC,2024,251540,19765,271305,92.71,1,0,1,100.0
DE,1976,102411,110636,213047,48.07,0,1,1,0.0
DE,1978,64863,91689,156552,41.43,0,1,1,0.0
DE,1980,81227,133842,215069,37.77,0,1,1,0.0
DE,1982,98533,87153,185686,53.06,1,0,1,100.0
DE,1984,142070,100650,242720,58.53,1,0,1,100.0
DE,1986,106351,53767,160118,66.42,1,0,1,100.0
DE,1988,158338,76179,234517,67.52,1,0,1,100.0
DE,1990,116274,58037,174311,66.7,1,0,1,100.0
DE,1992,117426,153037,270463,43.42,0,1,1,0.0
DE,1994,51793,137945,189738,27.3,0,1,1,0.0
DE,1996,73258,185577,258835,28.3,0,1,1,0.0
DE,1998,57446,119811,177257,32.41,0,1,1,0.0
DE,2000,96488,211797,308285,31.3,0,1,1,0.0
DE,2002,61011,164605,225616,27.04,0,1,1,0.0
DE,2004,105716,245978,351694,30.06,0,1,1,0.0
DE,2006,97565,143897,241462,40.41,0,1,1,0.0
DE,2008,146434,235437,381871,38.35,0,1,1,0.0
DE,2010,173543,125442,298985,58.04,1,0,1,100.0
DE,2012,249933,129757,379690,65.83,1,0,1,100.0
DE,2014,137251,85146,222397,61.71,1,0,1,100.0
DE,2016,233554,172301,405855,57.55,1,0,1,100.0
DE,2018,227353,125384,352737,64.45,1,0,1,100.0
DE,2020,281382,196392,477774,58.89,1,0,1,100.0
DE,2022,178416,138201,316617,56.35,1,0,1,100.0
DE,2024,287830,209606,497436,57.86,1,0,1,100.0
FL,1976,1125786,937257,2063043,54.57,10,5,15,66.67
FL,1978,948049,671943,1619992,58.52,12,3,15,80.0
FL,1980,1813164,1275719,3088883,58.7,11,4,15,73.33
FL,1982,1311344,900204,2211548,59.3,13,6,19,68.42
FL,1984,1244692,1190779,2435471,51.11,12,7,19,63.16
FL,1986,1153714,986783,2140497,53.9,12,7,19,63.16
FL,1988,1430885,1615569,3046454,46.97,10,9,19,52.63
FL,1990,1212979,1163088,2376067,51.05,9,10,19,47.37
FL,1992,2256681,2510726,4767407,47.34,10,13,23,43.48
FL,1994,1155647,1694186,2849833,40.55,8,15,23,34.78
FL,1996,2036620,2639568,4676188,43.55,8,15,23,34.78
FL,1998,580609,557836,1138445,51.0,8,15,23,34.78
FL,2000,1976189,2851623,4827812,40.93,8,15,23,34.78
FL,2002,1537126,2161353,3698479,41.56,7,18,25,28.0
FL,2004,2212326,3319299,5531625,39.99,7,18,25,28.0
FL,2006,1599973,2182833,3782806,42.3,9,16,25,36.0
FL,2008,3434833,3792167,7227000,47.53,10,15,25,40.0
FL,2010,1853600,3004616,4858216,38.15,6,19,25,24.0
FL,2012,3392403,3826523,7218926,46.99,10,17,27,37.04
FL,2014,2130627,2713454,4844081,43.98,10,17,27,37.04
FL,2016,3985050,4733630,8718680,45.71,11,16,27,40.74
FL,2018,3307232,3675417,6982649,47.36,13,14,27,48.15
FL,2020,4942287,5469163,10411450,47.47,11,16,27,40.74
FL,2022,2905702,4271197,7176899,40.49,8,20,28,28.57
FL,2024,4339734,5975435,10315169,42.07,8,20,28,28.57
GA,1976,929829,321891,1251720,74.28,10,0,10,100.0
GA,1978,472210,116301,588511,80.24,9,1,10,90.0
GA,1980,973540,381174,1354714,71.86,9,1,10,90.0
GA,1982,670110,225215,895325,74.85,9,1,10,90.0
GA,1984,1090682,430143,1520825,71.72,8,2,10,80.0
GA,1986,772986,289068,1062054,72.78,8,2,10,80.0
GA,1988,1115343,556817,1672160,66.7,9,1,10,90.0
GA,1990,854784,538865,1393649,61.33,9,1,10,90.0
GA,1992,1214792,999182,2213974,54.87,7,4,11,63.64
GA,1994,681051,816484,1497535,45.48,4,7,11,36.36
GA,1996,1011190,1151993,2163183,46.75,3,8,11,27.27
GA,1998,592004,1039711,1631715,36.28,3,8,11,27.27
GA,2000,918085,1498337,2416422,37.99,3,8,11,27.27
GA,2002,814295,1104622,1918917,42.44,5,8,13,38.46
GA,2004,1140869,1819817,2960686,38.53,6,7,13,46.15
GA,2006,932143,1138048,2070191,45.03,6,7,13,46.15
GA,2008,1858090,1796549,3654639,50.84,6,7,13,46.15
GA,2010,940347,1528142,2468489,38.09,5,8,13,38.46
GA,2012,1448869,2104098,3552967,40.78,5,9,14,35.71
GA,2014,956361,1349076,2305437,41.48,4,10,14,28.57
GA,2016,1498437,2272460,3770897,39.74,4,10,14,28.57
GA,2018,1814469,1987191,3801660,47.73,5,9,14,35.71
GA,2020,2393089,2490396,4883485,49.0,6,8,14,42.86
GA,2022,1863870,2044802,3908672,47.69,5,9,14,35.71
GA,2024,2434984,2702118,5137102,47.4,5,9,14,35.71
HI,1976,184166,77662,261828,70.34,2,0,2,100.0
HI,1978,202824,40167,242991,83.47,2,0,2,100.0
HI,1980,239733,19819,259552,92.36,2,0,2,100.0
HI,1982,266851,0,266851,100.0,2,0,2,100.0
HI,1984,227261,40608,267869,84.84,2,0,2,100.0
HI,1986,186891,135054,321945,58.05,1,1,2,50.0
HI,1988,221196,96848,318044,69.55,1,1,2,50.0
HI,1990,215777,117607,333384,64.72,2,0,2,100.0
HI,1992,260786,81645,342431,76.16,2,0,2,100.0
HI,1994,219185,119514,338699,64.71,2,0,2,100.0
HI,1996,195910,135782,331692,59.06,2,0,2,100.0
HI,1998,260947,119328,380275,68.62,2,0,2,100.0
HI,2000,221373,110895,332268,66.62,2,0,2,100.0
HI,2002,232344,116693,349037,66.57,2,0,2,100.0
HI,2004,261884,148443,410327,63.82,2,0,2,100.0
HI,2006,219810,118134,337944,65.04,2,0,2,100.0
HI,2008,319956,82540,402496,79.49,2,0,2,100.0
HI,2010,226430,129127,355557,63.68,2,0,2,100.0
HI,2012,285008,137531,422539,67.45,2,0,2,100.0
HI,2014,235400,120084,355484,66.22,2,0,2,100.0
HI,2016,316265,85626,401891,78.69,2,0,2,100.0
HI,2018,287921,87348,375269,76.72,2,0,2,100.0
HI,2020,354762,155215,509977,69.56,2,0,2,100.0
HI,2022,271953,124091,396044,68.67,2,0,2,100.0
HI,2024,330488,139844,470332,70.27,2,0,2,100.0
IA,1976,709435,526677,1236112,57.39,4,2,6,66.67
IA,1978,403365,406248,809613,49.82,3,3,6,50.0
IA,1980,642763,609478,1252241,51.33,3,3,6,50.0
IA,1982,528726,475366,1004092,52.66,3,3,6,50.0
IA,1984,595265,673343,1268608,46.92,2,4,6,33.33
IA,1986,428022,461455,889477,48.12,2,4,6,33.33
IA,1988,580200,606647,1186847,48.89,2,4,6,33.33
IA,1990,400852,385003,785855,51.01,2,4,6,33.33
IA,1992,492843,729496,1222339,40.32,1,4,5,20.0
IA,1994,407309,560117,967426,42.1,0,5,5,0.0
IA,1996,532815,649959,1182774,45.05,1,4,5,20.0
IA,1998,338431,551767,890198,38.02,1,4,5,20.0
IA,2000,531642,717322,1248964,42.57,1,4,5,20.0
IA,2002,453550,546382,999932,45.36,1,4,5,20.0
IA,2004,624620,822653,1447273,43.16,1,4,5,20.0
IA,2006,492937,522388,1015325,48.55,3,2,5,60.0
IA,2008,759460,698241,1457701,52.1,3,2,5,60.0
IA,2010,479874,597414,1077288,44.54,3,2,5,60.0
IA,2012,772387,726505,1498892,51.53,2,2,4,50.0
IA,2014,509189,595865,1105054,46.08,1,3,4,25.0
IA,2016,673969,813153,1487122,45.32,1,3,4,25.0
IA,2018,664676,612338,1277014,52.05,3,1,4,75.0
IA,2020,762271,859418,1621689,47.0,1,3,4,25.0
IA,2022,526460,677857,1204317,43.71,0,4,4,0.0
IA,2024,696033,904563,1600596,43.49,0,4,4,0.0
ID,1976,161899,180008,341907,47.35,0,2,2,0.0
ID,1978,118012,167271,285283,41.37,0,2,2,0.0
ID,1980,182061,233041,415102,43.86,0,2,2,0.0
ID,1982,150996,170150,321146,47.02,0,2,2,0.0
ID,1984,164857,240218,405075,40.7,1,1,2,50.0
ID,1986,162758,207081,369839,44.01,1,1,2,50.0
ID,1988,198284,203447,401731,49.36,1,1,2,50.0
ID,1990,183062,131450,314512,58.21,2,0,2,100.0
ID,1992,222435,230766,453201,49.08,1,1,2,50.0
ID,1994,137762,255321,393083,35.05,0,2,2,0.0
ID,1996,193524,289990,483514,40.02,0,2,2,0.0
ID,1998,169389,204568,373957,45.3,0,2,2,0.0
ID,2000,142345,332655,475000,29.97,0,2,2,0.0
ID,2002,138038,256348,394386,35.0,0,2,2,0.0
ID,2004,171060,401366,572426,29.88,0,2,2,0.0
ID,2006,177376,248105,425481,41.69,0,2,2,0.0
ID,2008,259776,377464,637240,40.77,1,1,2,50.0
ID,2010,150884,263699,414583,36.39,0,2,2,0.0
ID,2012,208297,406814,615111,33.86,0,2,2,0.0
ID,2014,160078,275072,435150,36.79,0,2,2,0.0
ID,2016,208992,447544,656536,31.83,0,2,2,0.0
ID,2018,207303,367993,575296,36.03,0,2,2,0.0
ID,2020,255531,561405,816936,31.28,0,2,2,0.0
ID,2022,180997,395351,576348,31.4,0,2,2,0.0
ID,2024,244885,581168,826053,29.65,0,2,2,0.0
IL,1976,2246614,2112868,4359482,51.53,12,12,24,50.0
IL,1978,1464688,1576522,3041210,48.16,11,13,24,45.83
IL,1980,2048658,2417747,4466405,45.87,10,14,24,41.67
IL,1982,2093272,1508308,3601580,58.12,12,10,22,54.55
IL,1984,2367383,2203506,4570889,51.79,13,9,22,59.09
IL,1986,1622759,1393103,3015862,53.81,13,9,22,59.09
IL,1988,2317444,2022568,4340012,53.4,14,8,22,63.64
IL,1990,1646340,1349079,2995419,54.96,15,7,22,68.18
IL,1992,2677685,2096717,4774402,56.08,12,8,20,60.0
IL,1994,1459928,1576655,3036583,48.08,10,10,20,50.0
IL,1996,2267369,1812673,4080042,55.57,10,10,20,50.0
IL,1998,1565998,1624558,3190556,49.08,10,10,20,50.0
IL,2000,2453674,1907306,4360980,56.26,10,10,20,50.0
IL,2002,1740541,1657183,3397724,51.23,9,10,19,47.37
IL,2004,2675273,2271676,4946949,54.08,10,9,19,52.63
IL,2006,1986431,1442526,3428957,57.93,10,9,19,52.63
IL,2008,3176203,1961173,5137376,61.83,12,7,19,63.16
IL,2010,1876316,1720016,3596332,52.17,8,11,19,42.11
IL,2012,2743702,2207818,4951520,55.41,12,6,18,66.67
IL,2014,1822779,1721865,3544644,51.42,10,8,18,55.56
IL,2016,2810536,2397436,5207972,53.97,11,7,18,61.11
IL,2018,2757540,1754449,4511989,61.12,13,5,18,72.22
IL,2020,3355487,2416929,5772416,58.13,13,5,18,72.22
IL,2022,2271361,1768782,4040143,56.22,14,3,17,82.35
IL,2024,2829169,2517389,5346558,52.92,14,3,17,82.35
IN,1976,1166368,932002,2098370,55.58,8,3,11,72.73
IN,1978,751940,680513,1432453,52.49,7,4,11,63.64
IN,1980,1087722,1100711,2188433,49.7,6,5,11,54.55
IN,1982,882378,909691,1792069,49.24,5,5,10,50.0
IN,1984,1022451,1146656,2169107,47.14,5,5,10,50.0
IN,1986,788419,756135,1544554,51.05,6,4,10,60.0
IN,1988,1096834,1023124,2119958,51.74,6,4,10,60.0
IN,1990,830500,682593,1513093,54.89,8,2,10,80.0
IN,1992,1205869,998334,2204203,54.71,7,3,10,70.0
IN,1994,667454,875082,1542536,43.27,4,6,10,40.0
IN,1996,930919,1109066,2039985,45.63,4,6,10,40.0
IN,1998,673322,800910,1474232,45.67,4,6,10,40.0
IN,2000,953167,1140554,2093721,45.53,4,6,10,40.0
IN,2002,640568,840694,1481262,43.24,3,6,9,33.33
IN,2004,999082,1381699,2380781,41.96,2,7,9,22.22
IN,2006,812496,831785,1644281,49.41,5,4,9,55.56
IN,2008,1388963,1240577,2629540,52.82,5,4,9,55.56
IN,2010,679462,972671,1652133,41.13,3,6,9,33.33
IN,2012,1142554,1351760,2494314,45.81,2,7,9,22.22
IN,2014,502104,788762,1290866,38.9,2,7,9,22.22
IN,2016,1052901,1442989,2495890,42.19,2,7,9,22.22
IN,2018,1000104,1247978,2248082,44.49,2,7,9,22.22
IN,2020,1194901,1738745,2933646,40.73,2,7,9,22.22
IN,2022,716348,1108351,1824699,39.26,2,7,9,22.22
IN,2024,1103484,1668618,2772102,39.81,2,7,9,22.22
KS,1976,348621,545240,893861,39.0,2,3,5,40.0
KS,1978,233001,440586,673587,34.59,1,4,5,20.0
KS,1980,404549,519874,924423,43.76,1,4,5,20.0
KS,1982,345507,400837,746344,46.29,2,3,5,40.0
KS,1984,435071,541986,977057,44.53,2,3,5,40.0
KS,1986,312800,474570,787370,39.73,2,3,5,40.0
KS,1988,366757,565308,932065,39.35,2,3,5,40.0
KS,1990,393671,387180,780851,50.42,2,3,5,40.0
KS,1992,488381,591712,1080093,45.22,2,2,4,50.0
KS,1994,298269,519127,817396,36.49,0,4,4,0.0
KS,1996,424984,591146,1016130,41.82,0,4,4,0.0
KS,1998,272252,450025,722277,37.69,1,3,4,25.0
KS,2000,328194,655822,984016,33.35,1,3,4,25.0
KS,2002,259911,536026,795937,32.65,1,3,4,25.0
KS,2004,386970,723794,1110764,34.84,1,3,4,25.0
KS,2006,369191,459267,828458,44.56,2,2,4,50.0
KS,2008,470031,690005,1160036,40.52,1,3,4,25.0
KS,2010,274992,528136,803128,34.24,0,4,4,0.0
KS,2012,195505,740981,936486,20.88,0,4,4,0.0
KS,2014,311530,540756,852286,36.55,0,4,4,0.0
KS,2016,317635,694240,1011875,31.39,0,4,4,0.0
KS,2018,464380,563190,1027570,45.19,1,3,4,25.0
KS,2020,557258,775898,1333156,41.8,1,3,4,25.0
KS,2022,425322,569567,994889,42.75,1,3,4,25.0
KS,2024,526153,749375,1275528,41.25,1,3,4,25.0
KY,1976,605680,374086,979766,61.82,5,2,7,71.43
KY,1978,264798,207568,472366,56.06,4,3,7,57.14
KY,1980,610411,442309,1052720,57.98,4,3,7,57.14
KY,1982,413286,280352,693638,59.58,4,3,7,57.14
KY,1984,656661,528862,1185523,55.39,4,3,7,57.14
KY,1986,374742,252849,627591,59.71,4,3,7,57.14
KY,1988,534313,564433,1098746,48.63,4,3,7,57.14
KY,1990,353439,397388,750827,47.07,4,3,7,57.14
KY,1992,721747,638166,1359913,53.07,4,2,6,66.67
KY,1994,316037,450640,766677,41.22,2,4,6,33.33
KY,1996,507431,730739,1238170,40.98,1,5,6,16.67
KY,1998,456218,637091,1093309,41.73,1,5,6,16.67
KY,2000,561752,824915,1386667,40.51,1,5,6,16.67
KY,2002,350924,693860,1044784,33.59,1,5,6,16.67
KY,2004,602085,1017379,1619464,37.18,1,5,6,16.67
KY,2006,601723,611780,1213503,49.59,2,4,6,33.33
KY,2008,761209,955182,1716391,44.35,2,4,6,33.33
KY,2010,506319,844369,1350688,37.49,2,4,6,33.33
KY,2012,684744,1027582,1712326,39.99,1,5,6,16.67
KY,2014,508151,887157,1395308,36.42,1,5,6,16.67
KY,2016,516904,1248140,1765044,29.29,1,5,6,16.67
KY,2018,612977,935304,1548281,39.59,1,5,6,16.67
KY,2020,735419,1363964,2099383,35.03,1,5,6,16.67
KY,2022,490921,953296,1444217,33.99,1,5,6,16.67
KY,2024,511998,1392354,1904352,26.89,1,5,6,16.67
LA,1976,624098,364582,988680,63.12,6,2,8,75.0
LA,1978,65587,65320,130907,50.1,5,3,8,62.5
LA,1980,506648,259897,766545,66.1,6,2,8,75.0
LA,1982,6,2,8,75.0,6,2,8,75.0
LA,1984,6,2,8,75.0,6,2,8,75.0
LA,1986,288366,102278,390644,73.82,5,3,8,62.5
LA,1988,88568,116244,204812,43.24,4,4,8,50.0
LA,1990,105856,4,105860,100.0,4,4,8,50.0
LA,1992,284913,398680,683593,41.68,4,3,7,57.14
LA,1994,4,3,7,57.14,4,3,7,57.14
LA,1996,339164,135994,475158,71.38,2,5,7,28.57
LA,1998,213151,97048,310199,68.71,2,5,7,28.57
LA,2000,359669,747115,1106784,32.5,2,5,7,28.57
LA,2002,448191,793667,1241858,36.09,3,4,7,42.86
LA,2004,478182,780434,1258616,37.99,2,5,7,28.57
LA,2006,309279,579702,888981,34.79,2,5,7,28.57
LA,2008,398475,594307,992782,40.14,1,6,7,14.29
LA,2010,311221,675387,986608,31.54,1,6,7,14.29
LA,2012,359190,1143027,1502217,23.91,1,5,6,16.67
LA,2014,406186,1031270,1437456,28.26,1,5,6,16.67
LA,2016,530050,1177543,1707593,31.04,1,5,6,16.67
LA,2018,553184,835715,1388899,39.83,1,5,6,16.67
LA,2020,727402,1369788,2097190,34.68,1,5,6,16.67
LA,2022,318932,773702,1092634,29.19,1,5,6,16.67
LA,2024,650836,1248101,1898937,34.27,2,4,6,33.33
MA,1976,1509521,723119,2232640,67.61,10,2,12,83.33
MA,1978,1249311,471755,1721066,72.59,10,2,12,83.33
MA,1980,1473289,757927,2231216,66.03,10,2,12,83.33
MA,1982,1300344,561091,1861435,69.86,10,1,11,90.91
MA,1984,1618131,703945,2322076,69.68,10,1,11,90.91
MA,1986,1198143,250385,1448528,82.71,10,1,11,90.91
MA,1988,1787467,509360,2296827,77.82,10,1,11,90.91
MA,1990,1420422,566923,1987345,71.47,10,1,11,90.91
MA,1992,1518208,856572,2374780,63.93,8,2,10,80.0
MA,1994,1362572,592758,1955330,69.69,8,2,10,80.0
MA,1996,1584479,780032,2364511,67.01,10,0,10,100.0
MA,1998,1306281,412508,1718789,76.0,10,0,10,100.0
MA,2000,1967942,343498,2311440,85.14,10,0,10,100.0
MA,2002,1528634,290484,1819118,84.03,10,0,10,100.0
MA,2004,2059984,435239,2495223,82.56,10,0,10,100.0
MA,2006,1632307,198550,1830857,89.16,10,0,10,100.0
MA,2008,2245778,318461,2564239,87.58,10,0,10,100.0
MA,2010,1335738,808305,2144043,62.3,10,0,10,100.0
MA,2012,2080594,697637,2778231,74.89,9,0,9,100.0
MA,2014,1475442,308598,1784040,82.7,9,0,9,100.0
MA,2016,2344518,451121,2795639,83.86,9,0,9,100.0
MA,2018,1943597,497953,2441550,79.61,9,0,9,100.0
MA,2020,2482596,699001,3181597,78.03,9,0,9,100.0
MA,2022,1636400,706790,2343190,69.84,9,0,9,100.0
MA,2024,2386143,304460,2690603,88.68,9,0,9,100.0
MD,1976,789029,473316,1262345,62.51,5,3,8,62.5
MD,1978,604457,312974,917431,65.89,6,2,8,75.0
MD,1980,865969,537078,1403047,61.72,7,1,8,87.5
MD,1982,742600,348561,1091161,68.06,7,1,8,87.5
MD,1984,954873,535915,1490788,64.05,6,2,8,75.0
MD,1986,668669,394393,1063062,62.9,6,2,8,75.0
MD,1988,936963,624021,1560984,60.02,6,2,8,75.0
MD,1990,565669,517386,1083055,52.23,5,3,8,62.5
MD,1992,955952,849779,1805731,52.94,4,4,8,50.0
MD,1994,662312,682578,1344890,49.25,4,4,8,50.0
MD,1996,876658,762163,1638821,53.49,4,4,8,50.0
MD,1998,802081,668983,1471064,54.52,4,4,8,50.0
MD,2000,1060934,856306,1917240,55.34,4,4,8,50.0
MD,2002,904250,752911,1657161,54.57,6,2,8,75.0
MD,2004,1310870,896232,2207102,59.39,6,2,8,75.0
MD,2006,1099441,546862,1646303,66.78,6,2,8,75.0
MD,2008,1677238,762539,2439777,68.75,7,1,8,87.5
MD,2010,1104056,674246,1778302,62.08,6,2,8,75.0
MD,2012,1641730,858406,2500136,65.67,7,1,8,87.5
MD,2014,978267,704400,1682667,58.14,7,1,8,87.5
MD,2016,1636200,962088,2598288,62.97,7,1,8,87.5
MD,2018,1493047,737906,2230953,66.92,7,1,8,87.5
MD,2020,1912740,1028150,2940890,65.04,7,1,8,87.5
MD,2022,1291446,690463,1981909,65.16,7,1,8,87.5
MD,2024,1863416,1017654,2881070,64.68,7,1,8,87.5
ME,1976,151255,314815,466070,32.45,0,2,2,0.0
ME,1978,141039,208730,349769,40.32,0,2,2,0.0
ME,1980,137845,375073,512918,26.87,0,2,2,0.0
ME,1982,186970,260925,447895,41.74,0,2,2,0.0
ME,1984,162319,374951,537270,30.21,0,2,2,0.0
ME,1986,165462,249030,414492,39.92,1,1,2,50.0
ME,1988,276335,278351,554686,49.82,1,1,2,50.0
ME,1990,284421,232540,516961,55.02,1,1,2,50.0
ME,1992,363520,278258,641778,56.64,1,1,2,50.0
ME,1994,235988,234070,470058,50.2,1,1,2,50.0
ME,1996,379184,211210,590394,64.23,2,0,2,100.0
ME,1998,280537,124834,405371,69.2,2,0,2,100.0
ME,2000,422606,203437,626043,67.5,2,0,2,100.0
ME,2002,289514,205780,495294,58.45,2,0,2,100.0
ME,2004,418380,283210,701590,59.63,2,0,2,100.0
ME,2006,350721,163165,513886,68.25,2,0,2,100.0
ME,2008,431903,278198,710101,60.82,2,0,2,100.0
ME,2010,316156,248170,564326,56.02,2,0,2,100.0
ME,2012,427819,265982,693801,61.66,2,0,2,100.0
ME,2014,305242,228071,533313,57.24,1,1,2,50.0
ME,2016,386627,357447,744074,51.96,1,1,2,50.0
ME,2018,340426,247514,587940,57.9,2,0,2,100.0
ME,2020,468978,340236,809214,57.95,2,0,2,100.0
ME,2022,1384889,1275405,2660294,52.06,2,0,2,100.0
ME,2024,446949,349294,796243,56.13,2,0,2,100.0
MI,1976,1898241,1503114,3401355,55.81,11,8,19,57.89
MI,1978,1538922,1150495,2689417,57.22,13,6,19,68.42
MI,1980,1877335,1659101,3536436,53.09,12,7,19,63.16
MI,1982,1669522,1093425,2762947,60.43,12,6,18,66.67
MI,1984,1861442,1566916,3428358,54.3,11,7,18,61.11
MI,1986,1342034,977122,2319156,57.87,11,7,18,61.11
MI,1988,1824103,1604946,3429049,53.2,11,7,18,61.11
MI,1990,1321449,1089299,2410748,54.81,11,7,18,61.11
MI,1992,1913175,1855241,3768416,50.77,10,6,16,62.5
MI,1994,1418142,1532084,2950226,48.07,9,7,16,56.25
MI,1996,1945116,1678735,3623851,53.68,10,6,16,62.5
MI,1998,1469111,1438283,2907394,50.53,10,6,16,62.5
MI,2000,2177618,1786980,3964598,54.93,9,7,16,56.25
MI,2002,1507174,1474178,2981352,50.55,6,9,15,40.0
MI,2004,2242435,2288594,4531029,49.49,6,9,15,40.0
MI,2006,1923485,1624865,3548350,54.21,6,9,15,40.0
MI,2008,2516640,2114293,4630933,54.34,8,7,15,53.33
MI,2010,1415212,1671707,3086919,45.85,6,9,15,40.0
MI,2012,2327985,2086804,4414789,52.73,5,9,14,35.71
MI,2014,1519030,1466749,2985779,50.88,5,9,14,35.71
MI,2016,2193980,2243402,4437382,49.44,5,9,14,35.71
MI,2018,2175003,1853459,4028462,53.99,7,7,14,50.0
MI,2020,2688527,2617881,5306408,50.67,7,7,14,50.0
MI,2022,2184504,2083361,4267865,51.18,7,6,13,53.85
MI,2024,2634228,2702653,5336881,49.36,6,7,13,46.15
MN,1976,1039999,729577,1769576,58.77,5,3,8,62.5
MN,1978,779286,709387,1488673,52.35,4,4,8,50.0
MN,1980,905793,987147,1892940,47.85,3,5,8,37.5
MN,1982,956321,777584,1733905,55.15,5,3,8,62.5
MN,1984,1060800,902268,1963068,54.04,5,3,8,62.5
MN,1986,831715,557741,1389456,59.86,5,3,8,62.5
MN,1988,0,809624,809624,0.0,0,8,8,0.0
MN,1990,0,736497,736497,0.0,0,8,8,0.0
MN,1994,0,846950,846950,0.0,0,8,8,0.0
MN,1996,1179862,894908,2074770,56.87,6,2,8,75.0
MN,1998,0,862972,862972,0.0,0,8,8,0.0
MN,2000,0,993371,993371,0.0,0,8,8,0.0
MN,2002,0,1029612,1029612,0.0,0,8,8,0.0
MN,2004,0,1236094,1236094,0.0,0,8,8,0.0
MN,2006,531930,924636,1456566,36.52,3,5,8,37.5
MN,2008,0,1069015,1069015,0.0,0,8,8,0.0
MN,2010,676131,970741,1646872,41.06,4,4,8,50.0
MN,2012,869789,1210409,2080198,41.81,4,4,8,50.0
MN,2014,296169,913539,1209708,24.48,2,6,8,25.0
MN,2016,974996,1334679,2309675,42.21,5,3,8,62.5
MN,2018,0,1125533,1125533,0.0,0,8,8,0.0
MN,2020,1097777,1474820,2572597,42.67,4,4,8,50.0
MN,2022,778745,1200855,1979600,39.34,4,4,8,50.0
MN,2024,735619,1550499,2286118,32.18,3,5,8,37.5
MO,1976,1080807,812238,1893045,57.09,8,2,10,80.0
MO,1978,966553,575578,1542131,62.68,8,2,10,80.0
MO,1980,1110060,940510,2050570,54.13,6,4,10,60.0
MO,1982,871682,653468,1525150,57.15,6,3,9,66.67
MO,1984,1129689,903027,2032716,55.58,6,3,9,66.67
MO,1986,828403,599520,1427923,58.01,5,4,9,55.56
MO,1988,1148292,909599,2057891,55.8,5,4,9,55.56
MO,1990,727950,624602,1352552,53.82,6,3,9,66.67
MO,1992,1269486,1036268,2305754,55.06,6,3,9,66.67
MO,1994,894783,834456,1729239,51.74,6,3,9,66.67
MO,1996,1116201,833190,1949391,57.26,6,3,9,66.67
MO,1998,787655,748432,1536087,51.28,5,4,9,55.56
MO,2000,1136020,1135724,2271744,50.01,4,5,9,44.44
MO,2002,829177,985905,1815082,45.68,4,5,9,44.44
MO,2004,1192674,1429767,2622441,45.48,4,5,9,44.44
MO,2006,992258,1049346,2041604,48.6,4,5,9,44.44
MO,2008,1413016,1313018,2726034,51.83,4,5,9,44.44
MO,2010,708064,1103290,1811354,39.09,3,6,9,33.33
MO,2012,1119554,1463586,2583140,43.34,2,6,8,25.0
MO,2014,513600,838283,1351883,37.99,2,6,8,25.0
MO,2016,1041306,1600524,2641830,39.42,2,6,8,25.0
MO,2018,1027969,1330975,2358944,43.58,2,6,8,25.0
MO,2020,1172135,1723982,2896117,40.47,2,6,8,25.0
MO,2022,794978,1223617,2018595,39.38,2,6,8,25.0
MO,2024,1125671,1711050,2836721,39.68,2,6,8,25.0
MS,1976,375328,256608,631936,59.39,3,2,5,60.0
MS,1978,251558,236274,487832,51.57,3,2,5,60.0
MS,1980,427773,304472,732245,58.42,3,2,5,60.0
MS,1982,368403,259553,627956,58.67,3,2,5,60.0
MS,1984,523161,326826,849987,61.55,3,2,5,60.0
MS,1986,315526,208037,523563,60.27,4,1,5,80.0
MS,1988,606715,307555,914270,66.36,4,1,5,80.0
MS,1990,299286,69216,368502,81.22,5,0,5,100.0
MS,1992,669582,273234,942816,71.02,5,0,5,100.0
MS,1994,354487,256424,610911,58.03,4,1,5,80.0
MS,1996,397410,487988,885398,44.88,2,3,5,40.0
MS,1998,262635,232415,495050,53.05,3,2,5,60.0
MS,2000,495687,468483,964170,51.41,3,2,5,60.0
MS,2002,320157,338817,658974,48.58,2,2,4,50.0
MS,2004,334605,658589,993194,33.69,2,2,4,50.0
MS,2006,260330,304308,564638,46.11,2,2,4,50.0
MS,2008,731805,527330,1259135,58.12,3,1,4,75.0
MS,2010,350695,423579,774274,45.29,1,3,4,25.0
MS,2012,411398,703635,1115033,36.9,1,3,4,25.0
MS,2014,230014,329169,559183,41.13,1,3,4,25.0
MS,2016,449896,680810,1130706,39.79,1,3,4,25.0
MS,2018,398770,471162,869932,45.84,1,3,4,25.0
MS,2020,421014,806832,1227846,34.29,1,3,4,25.0
MS,2022,251202,454329,705531,35.6,1,3,4,25.0
MS,2024,350353,812799,1163152,30.12,1,3,4,25.0
MT,1976,180459,140446,320905,56.23,1,1,2,50.0
MT,1978,143496,139859,283355,50.64,1,1,2,50.0
MT,1980,176236,162305,338541,52.06,1,1,2,50.0
MT,1982,165902,142370,308272,53.82,1,1,2,50.0
MT,1984,187443,178726,366169,51.19,1,1,2,50.0
MT,1986,172084,145778,317862,54.14,1,1,2,50.0
MT,1988,193347,171870,365217,52.94,1,1,2,50.0
MT,1990,157148,160286,317434,49.51,1,1,2,50.0
MT,1992,203711,189570,393281,51.8,1,0,1,100.0
MT,1994,171372,148715,320087,53.54,1,0,1,100.0
MT,1996,174516,211975,386491,45.15,0,1,1,0.0
MT,1998,147073,175748,322821,45.56,0,1,1,0.0
MT,2000,189971,211418,401389,47.33,0,1,1,0.0
MT,2002,108233,214100,322333,33.58,0,1,1,0.0
MT,2004,145606,286076,431682,33.73,0,1,1,0.0
MT,2006,158916,239124,398040,39.92,0,1,1,0.0
MT,2008,155930,308470,464400,33.58,0,1,1,0.0
MT,2010,121954,217696,339650,35.91,0,1,1,0.0
MT,2012,204939,255468,460407,44.51,0,1,1,0.0
MT,2014,148690,203871,352561,42.17,0,1,1,0.0
MT,2016,205919,285358,491277,41.92,0,1,1,0.0
MT,2018,233284,256661,489945,47.61,0,1,1,0.0
MT,2020,262340,339169,601509,43.61,0,1,1,0.0
MT,2022,158745,245081,403826,39.31,0,2,2,0.0
MT,2024,237496,350361,587857,40.4,0,2,2,0.0
NC,1976,1010630,549410,1560040,64.78,9,2,11,81.82
NC,1978,607324,406076,1013400,59.93,9,2,11,81.82
NC,1980,964493,769144,1733637,55.63,7,4,11,63.64
NC,1982,724269,579817,1304086,55.54,9,2,11,81.82
NC,1984,1130979,1026391,2157370,52.42,6,5,11,54.55
NC,1986,890058,682447,1572505,56.6,8,3,11,72.73
NC,1988,1108311,876362,1984673,55.84,8,3,11,72.73
NC,1990,1076340,935054,2011394,53.51,7,4,11,63.64
NC,1992,1282474,1203983,2486457,51.58,8,4,12,66.67
NC,1994,681064,907093,1588157,42.88,4,8,12,33.33
NC,1996,1135731,1339515,2475246,45.88,6,6,12,50.0
NC,1998,827178,1014010,1841188,44.93,5,7,12,41.67
NC,2000,1193600,1514806,2708406,44.07,5,7,12,41.67
NC,2002,970716,1209033,2179749,44.53,6,7,13,46.15
NC,2004,1669864,1743131,3412995,48.93,6,7,13,46.15
NC,2006,1026915,913893,1940808,52.91,7,6,13,53.85
NC,2008,2293971,1901517,4195488,54.68,8,5,13,61.54
NC,2010,1204635,1440913,2645548,45.53,7,6,13,53.85
NC,2012,2218357,2137167,4355524,50.93,4,9,13,30.77
NC,2014,1234027,1555364,2789391,44.24,3,10,13,23.08
NC,2016,2142661,2447326,4589987,46.68,3,10,13,23.08
NC,2018,1771061,1846041,3617102,48.96,3,10,13,23.08
NC,2020,2660535,2631336,5291871,50.28,5,8,13,38.46
NC,2022,1795170,1956906,3752076,47.84,7,7,14,50.0
NC,2024,2349621,2889999,5239620,44.84,4,10,14,28.57
ND,1976,104263,181018,285281,36.55,0,1,1,0.0
ND,1978,68016,147712,215728,31.53,0,1,1,0.0
ND,1980,166437,124707,291144,57.17,1,0,1,100.0
ND,1982,186534,72241,258775,72.08,1,0,1,100.0
ND,1984,242968,65761,308729,78.7,1,0,1,100.0
ND,1986,216258,66989,283247,76.35,1,0,1,100.0
ND,1988,212583,84475,297058,71.56,1,0,1,100.0
ND,1990,152530,81443,233973,65.19,1,0,1,100.0
ND,1992,169273,117442,286715,59.04,1,0,1,100.0
ND,1994,123134,105988,229122,53.74,1,0,1,100.0
ND,1996,144833,113684,258517,56.02,1,0,1,100.0
ND,1998,119668,87511,207179,57.76,1,0,1,100.0
ND,2000,151173,127251,278424,54.3,1,0,1,100.0
ND,2002,121073,109957,231030,52.41,1,0,1,100.0
ND,2004,185130,125684,310814,59.56,1,0,1,100.0
ND,2006,142934,74687,217621,65.68,1,0,1,100.0
ND,2008,194577,119388,313965,61.97,1,0,1,100.0
ND,2010,106542,129802,236344,45.08,0,1,1,0.0
ND,2012,0,173585,173585,0.0,0,1,1,0.0
ND,2014,0,138100,138100,0.0,0,1,1,0.0
ND,2016,80377,233980,314357,25.57,0,1,1,0.0
ND,2018,0,193568,193568,0.0,0,1,1,0.0
ND,2020,0,245229,245229,0.0,0,1,1,0.0
ND,2022,0,148399,148399,0.0,0,1,1,0.0
ND,2024,0,249101,249101,0.0,0,1,1,0.0
NE,1976,211007,385630,596637,35.37,1,2,3,33.33
NE,1978,183817,310919,494736,37.15,1,2,3,33.33
NE,1980,167415,451328,618743,27.06,0,3,3,0.0
NE,1982,116107,402167,518274,22.4,0,3,3,0.0
NE,1984,167617,482121,649738,25.8,0,3,3,0.0
NE,1986,196691,358326,555017,35.44,0,3,3,0.0
NE,1988,229524,425726,655250,35.03,1,2,3,33.33
NE,1990,276724,309106,585830,47.24,1,2,3,33.33
NE,1992,283278,427398,710676,39.86,1,2,3,33.33
NE,1994,203062,365402,568464,35.72,0,3,3,0.0
NE,1996,204432,450067,654499,31.23,0,3,3,0.0
NE,1998,104548,392736,497284,21.02,0,3,3,0.0
NE,2000,178071,486513,664584,26.79,0,3,3,0.0
NE,2002,46843,386869,433712,10.8,0,3,3,0.0
NE,2004,230697,515115,745812,30.93,0,3,3,0.0
NE,2006,261910,334177,596087,43.94,0,3,3,0.0
NE,2008,264885,510513,775398,34.16,0,3,3,0.0
NE,2010,137524,327986,465510,29.54,0,3,3,0.0
NE,2012,276239,496276,772515,35.76,0,3,3,0.0
NE,2014,185234,340816,526050,35.21,1,2,3,33.33
NE,2016,221069,557557,778626,28.39,0,3,3,0.0
NE,2018,264493,432077,696570,37.97,0,3,3,0.0
NE,2020,326018,585234,911252,35.78,0,3,3,0.0
NE,2022,235572,414599,650171,36.23,0,3,3,0.0
NE,2024,338154,591238,929392,36.38,0,3,3,0.0
NH,1976,173598,148998,322596,53.81,1,1,2,50.0
NH,1978,122243,133666,255909,47.77,1,1,2,50.0
NH,1980,177411,186869,364280,48.7,1,1,2,50.0
NH,1982,114187,153974,268161,42.58,1,1,2,50.0
NH,1984,119111,250602,369713,32.22,0,2,2,0.0
NH,1986,84475,156218,240693,35.1,0,2,2,0.0
NH,1988,176300,251566,427866,41.2,0,2,2,0.0
NH,1990,141042,148909,289951,48.64,1,1,2,50.0
NH,1992,265906,227062,492968,53.94,1,1,2,50.0
NH,1994,116724,180138,296862,39.32,0,2,2,0.0
NH,1996,221286,246896,468182,47.26,0,2,2,0.0
NH,1998,124000,190170,314170,39.47,0,2,2,0.0
NH,2000,238754,303190,541944,44.06,0,2,2,0.0
NH,2002,175905,254797,430702,40.84,0,2,2,0.0
NH,2004,243506,396024,639530,38.08,0,2,2,0.0
NH,2006,209434,189615,399049,52.48,2,0,2,100.0
NH,2008,364767,294560,659327,55.32,2,0,2,100.0
NH,2010,200563,230265,430828,46.55,0,2,2,0.0
NH,2012,340925,311636,652561,52.24,2,0,2,100.0
NH,2014,247469,232379,479848,51.57,1,1,2,50.0
NH,2016,336451,316001,652452,51.57,2,0,2,100.0
NH,2018,311242,248986,560228,55.56,2,0,2,100.0
NH,2020,413895,354045,767940,53.9,2,0,2,100.0
NH,2022,339027,277808,616835,54.96,2,0,2,100.0
NH,2024,430218,373746,803964,53.51,2,0,2,100.0
NJ,1976,1538658,1217932,2756590,55.82,11,4,15,73.33
NJ,1978,1043747,837783,1881530,55.47,10,5,15,66.67
NJ,1980,1316100,1368981,2685081,49.02,8,7,15,53.33
NJ,1982,1206416,915472,2121888,56.86,9,5,14,64.29
NJ,1984,1508320,1470836,2979156,50.63,8,6,14,57.14
NJ,1986,811066,730596,1541662,52.61,8,6,14,57.14
NJ,1988,1336325,1411840,2748165,48.63,8,6,14,57.14
NJ,1990,836944,910931,1747875,47.88,8,6,14,57.14
NJ,1992,1354915,1503145,2858060,47.41,7,6,13,53.85
NJ,1994,879855,1091251,1971106,44.64,5,8,13,38.46
NJ,1996,1351762,1398900,2750662,49.14,6,7,13,46.15
NJ,1998,902374,858367,1760741,51.25,7,6,13,53.85
NJ,2000,1532240,1384170,2916410,52.54,7,6,13,53.85
NJ,2002,1030204,933964,1964168,52.45,7,6,13,53.85
NJ,2004,1721392,1514784,3236176,53.19,7,6,13,53.85
NJ,2006,1207782,903176,2110958,57.21,7,6,13,53.85
NJ,2008,1911827,1461820,3373647,56.67,8,5,13,61.54
NJ,2010,1024730,1055299,2080029,49.27,7,6,13,53.85
NJ,2012,1794301,1430325,3224626,55.64,6,6,12,50.0
NJ,2014,914172,877265,1791437,51.03,6,6,12,50.0
NJ,2016,1821620,1541631,3363251,54.16,7,5,12,58.33
NJ,2018,1856819,1198664,3055483,60.77,11,1,12,91.67
NJ,2020,2539128,1843047,4382175,57.94,10,2,12,83.33
NJ,2022,1416422,1160260,2576682,54.97,9,3,12,75.0
NJ,2024,2115843,1828853,3944696,53.64,9,3,12,75.0
NM,1976,185363,214718,400081,46.33,1,1,2,50.0
NM,1978,166471,118075,284546,58.5,1,1,2,50.0
NM,1980,175988,187474,363462,48.42,0,2,2,0.0
NM,1982,202802,191946,394748,51.38,1,2,3,33.33
NM,1984,201131,294165,495296,40.61,1,2,3,33.33
NM,1986,178822,206815,385637,46.37,1,2,3,33.33
NM,1988,209076,236263,445339,46.95,1,2,3,33.33
NM,1990,145531,213803,359334,40.5,1,2,3,33.33
NM,1992,272607,277833,550440,49.53,1,2,3,33.33
NM,1994,187532,263477,451009,41.58,1,2,3,33.33
NM,1996,271144,260961,532105,50.96,1,2,3,33.33
NM,1998,228084,246127,474211,48.1,1,2,3,33.33
NM,2000,299841,274017,573858,52.25,1,2,3,33.33
NM,2002,262071,175342,437413,59.91,1,2,3,33.33
NM,2004,384900,357805,742705,51.82,1,2,3,33.33
NM,2006,313124,247825,560949,55.82,1,2,3,33.33
NM,2008,457135,321083,778218,58.74,3,0,3,100.0
NM,2010,307766,288885,596651,51.58,2,1,3,66.67
NM,2012,422189,343269,765458,55.16,2,1,3,66.67
NM,2014,271222,240542,511764,53.0,2,1,3,66.67
NM,2016,436932,343124,780056,56.01,2,1,3,66.67
NM,2018,404026,264701,668727,60.42,3,0,3,100.0
NM,2020,495781,407786,903567,54.87,2,1,3,66.67
NM,2022,387665,316352,704017,55.06,3,0,3,100.0
NM,2024,493722,402776,896498,55.07,3,0,3,100.0
NV,1976,153996,24124,178120,86.46,1,0,1,100.0
NV,1978,132513,44425,176938,74.89,1,0,1,100.0
NV,1980,165107,63163,228270,72.33,1,0,1,100.0
NV,1982,114166,115863,230029,49.63,1,1,2,50.0
NV,1984,109372,155166,264538,41.34,1,1,2,50.0
NV,1986,121263,133821,255084,47.54,1,1,2,50.0
NV,1988,176927,159569,336496,52.58,1,1,2,50.0
NV,1990,144231,150885,295116,48.87,1,1,2,50.0
NV,1992,245477,213792,459269,53.45,1,1,2,50.0
NV,1994,137723,215971,353694,38.94,0,2,2,0.0
NV,1996,172823,248782,421605,40.99,0,2,2,0.0
NV,1998,79315,275163,354478,22.38,1,1,2,50.0
NV,2000,224848,330884,555732,40.46,1,1,2,50.0
NV,2002,171160,301100,472260,36.24,1,2,3,33.33
NV,2004,333912,420711,754623,44.25,1,2,3,33.33
NV,2006,287879,260317,548196,52.51,1,2,3,33.33
NV,2008,457320,383548,840868,54.39,2,1,3,66.67
NV,2010,317835,357369,675204,47.07,1,2,3,33.33
NV,2012,453310,457239,910549,49.78,2,2,4,50.0
NV,2014,210147,304809,514956,40.81,1,3,4,25.0
NV,2016,508113,498104,1006217,50.5,3,1,4,75.0
NV,2018,491272,439727,930999,52.77,3,1,4,75.0
NV,2020,665526,633827,1299353,51.22,3,1,4,75.0
NV,2022,480774,515535,996309,48.26,3,1,4,75.0
NV,2024,534115,692714,1226829,43.54,3,1,4,75.0
NY,1976,3239945,2292372,5532317,58.56,27,12,39,69.23
NY,1978,2200810,1796078,3996888,55.06,26,13,39,66.67
NY,1980,2596006,2458365,5054371,51.36,24,15,39,61.54
NY,1982,2461350,1836065,4297415,57.28,20,14,34,58.82
NY,1984,3072707,2722637,5795344,53.02,20,14,34,58.82
NY,1986,2023066,1550796,3573862,56.61,21,13,34,61.76
NY,1988,2870952,2249694,5120646,56.07,21,13,34,61.76
NY,1990,1760428,1458528,3218956,54.69,21,13,34,61.76
NY,1992,2946645,2371652,5318297,55.41,19,12,31,61.29
NY,1994,2146180,1992633,4138813,51.85,18,13,31,58.06
NY,1996,2918770,2038923,4957693,58.87,20,11,31,64.52
NY,1998,2179943,1607117,3787060,57.56,18,13,31,58.06
NY,2000,3051701,2235461,5287162,57.72,19,12,31,61.29
NY,2002,1777688,1525771,3303459,53.81,19,10,29,65.52
NY,2004,3457124,2209291,5666415,61.01,20,9,29,68.97
NY,2006,2537778,1160460,3698238,68.62,25,4,29,86.21
NY,2008,4006436,1800093,5806529,69.0,26,3,29,89.66
NY,2010,2600900,1612724,4213624,61.73,25,4,29,86.21
NY,2012,3897953,1947575,5845528,66.68,22,5,27,81.48
NY,2014,1788105,1257412,3045517,58.71,18,9,27,66.67
NY,2016,4202200,2140917,6343117,66.25,18,9,27,66.67
NY,2018,3760566,1639593,5400159,69.64,24,3,27,88.89
NY,2020,4728613,2696821,7425434,63.68,19,8,27,70.37
NY,2022,3028115,2233120,5261235,57.56,18,8,26,69.23
NY,2024,4330117,3039739,7369856,58.75,19,7,26,73.08
OH,1976,1817528,1917322,3734850,48.66,10,13,23,43.48
OH,1978,1278151,1471855,2750006,46.48,10,13,23,43.48
OH,1980,1788410,2135669,3924079,45.58,10,13,23,43.48
OH,1982,1807305,1456712,3264017,55.37,10,11,21,47.62
OH,1984,2134198,2159354,4293552,49.71,11,10,21,52.38
OH,1986,1512037,1536105,3048142,49.61,11,10,21,52.38
OH,1988,2098271,2123098,4221369,49.71,11,10,21,52.38
OH,1990,1806626,1590381,3397007,53.18,11,10,21,52.38
OH,1992,2198039,2154080,4352119,50.51,10,9,19,52.63
OH,1994,1327955,1925452,3253407,40.82,6,13,19,31.58
OH,1996,2033028,2192174,4225202,48.12,8,11,19,42.11
OH,1998,1593873,1752443,3346316,47.63,8,11,19,42.11
OH,2000,2098854,2235463,4334317,48.42,8,11,19,42.11
OH,2002,1331614,1775555,3107169,42.86,6,12,18,33.33
OH,2004,2514613,2650122,5164735,48.69,6,12,18,33.33
OH,2006,2081737,1870390,3952127,52.67,7,11,18,38.89
OH,2008,2752111,2491498,5243609,52.49,10,8,18,55.56
OH,2010,1611112,2053075,3664187,43.97,5,13,18,27.78
OH,2012,2412385,2620233,5032618,47.93,4,12,16,25.0
OH,2014,1179587,1770923,2950510,39.98,4,12,16,25.0
OH,2016,2154523,2996017,5150540,41.83,4,12,16,25.0
OH,2018,2082684,2291333,4374017,47.61,4,12,16,25.0
OH,2020,2451500,3252887,5704387,42.98,4,12,16,25.0
OH,2022,1790614,2318993,4109607,43.57,5,10,15,33.33
OH,2024,2382078,3104290,5486368,43.42,5,10,15,33.33
OK,1976,683293,372221,1055514,64.74,5,1,6,83.33
OK,1978,330953,258160,589113,56.18,5,1,6,83.33
OK,1980,439652,391209,830861,52.92,5,1,6,83.33
OK,1982,539413,310186,849599,63.49,5,1,6,83.33
OK,1984,645537,458053,1103590,58.49,5,1,6,83.33
OK,1986,430455,291098,721553,59.66,4,2,6,66.67
OK,1988,405667,361538,767205,52.88,4,2,6,66.67
OK,1990,519047,337590,856637,60.59,4,2,6,66.67
OK,1992,764249,504133,1268382,60.25,4,2,6,66.67
OK,1994,368063,554800,922863,39.88,1,5,6,16.67
OK,1996,430480,722998,1153478,37.32,0,6,6,0.0
OK,1998,314358,538194,852552,36.87,0,6,6,0.0
OK,2000,336955,701820,1038775,32.44,1,5,6,16.67
OK,2002,391927,546832,938759,41.75,1,4,5,20.0
OK,2004,389029,875033,1264062,30.78,1,4,5,20.0
OK,2006,372888,518025,890913,41.85,1,4,5,20.0
OK,2008,503614,802530,1306144,38.56,1,4,5,20.0
OK,2010,221966,519563,741529,29.93,1,4,5,20.0
OK,2012,410324,856872,1267196,32.38,0,5,5,0.0
OK,2014,174022,457614,631636,27.55,0,5,5,0.0
OK,2016,305222,781692,1086914,28.08,0,5,5,0.0
OK,2018,428452,730531,1158983,36.97,1,4,5,20.0
OK,2020,475731,1044175,1519906,31.3,0,5,5,0.0
OK,2022,356988,760639,1117627,31.94,0,5,5,0.0
OK,2024,397856,834554,1232410,32.28,0,5,5,0.0
OR,1976,599135,262514,861649,69.53,4,0,4,100.0
OR,1978,587445,258140,845585,69.47,4,0,4,100.0
OR,1980,656737,438738,1095475,59.95,3,1,4,75.0
OR,1982,577949,436754,1014703,56.96,3,2,5,60.0
OR,1984,655092,548201,1203293,54.44,3,2,5,60.0
OR,1986,584763,446462,1031225,56.71,3,2,5,60.0
OR,1988,664564,357701,1022265,65.01,3,2,5,60.0
OR,1990,667258,342246,1009504,66.1,4,1,5,80.0
OR,1992,824796,553101,1377897,59.86,4,1,5,80.0
OR,1994,646589,498628,1145217,56.46,3,2,5,60.0
OR,1996,724496,557525,1282021,56.51,4,1,5,80.0
OR,1998,631246,401501,1032747,61.12,4,1,5,80.0
OR,2000,790365,607098,1397463,56.56,4,1,5,80.0
OR,2002,676920,528997,1205917,56.13,4,1,5,80.0
OR,2004,951688,761545,1713233,55.55,4,1,5,80.0
OR,2006,765853,557491,1323344,57.87,4,1,5,80.0
OR,2008,1036171,435920,1472091,70.39,4,1,5,80.0
OR,2010,733369,657007,1390376,52.75,4,1,5,80.0
OR,2012,949660,687839,1637499,57.99,4,1,5,80.0
OR,2014,778139,582909,1361048,57.17,4,1,5,80.0
OR,2016,1026851,730894,1757745,58.42,4,1,5,80.0
OR,2018,1061412,702531,1763943,60.17,4,1,5,80.0
OR,2020,1285339,966786,2252125,57.07,4,1,5,80.0
OR,2022,1012725,851991,1864716,54.31,4,2,6,66.67
OR,2024,1151394,912337,2063731,55.79,5,1,6,83.33
PA,1976,2410267,2006856,4417123,54.57,17,8,25,68.0
PA,1978,1804598,1711318,3515916,51.33,15,10,25,60.0
PA,1980,2055590,2161638,4217228,48.74,13,12,25,52.0
PA,1982,1910988,1651922,3562910,53.64,13,10,23,56.52
PA,1984,2531111,2111851,4642962,54.52,13,10,23,56.52
PA,1986,1762935,1525803,3288738,53.61,12,11,23,52.17
PA,1988,2117078,2069885,4186963,50.56,12,11,23,52.17
PA,1990,1292717,1552475,2845192,45.44,11,12,23,47.83
PA,1992,2154372,2347441,4501813,47.86,11,10,21,52.38
PA,1994,1491859,1830779,3322638,44.9,11,10,21,52.38
PA,1996,2222863,2037508,4260371,52.18,11,10,21,52.38
PA,1998,1380834,1472161,2852995,48.4,11,10,21,52.38
PA,2000,2279227,2229057,4508284,50.56,10,11,21,47.62
PA,2002,1348665,1859270,3207935,42.04,7,12,19,36.84
PA,2004,2478239,2565077,5043316,49.14,7,12,19,36.84
PA,2006,2229091,1732163,3961254,56.27,11,8,19,57.89
PA,2008,3209168,2520755,5729923,56.01,12,7,19,63.16
PA,2010,1882202,2034145,3916347,48.06,7,12,19,36.84
PA,2012,2793538,2710070,5503608,50.76,5,13,18,27.78
PA,2014,1467594,1833205,3300799,44.46,5,13,18,27.78
PA,2016,2625157,3096576,5721733,45.88,5,13,18,27.78
PA,2018,2712665,2206260,4918925,55.15,9,9,18,50.0
PA,2020,3346712,3432595,6779307,49.37,9,9,18,50.0
PA,2022,2436919,2702262,5139181,47.42,9,8,17,52.94
PA,2024,3338371,3481113,6819484,48.95,7,10,17,41.18
RI,1976,271127,113518,384645,70.49,2,0,2,100.0
RI,1978,174165,133637,307802,56.58,2,0,2,100.0
RI,1980,213726,172901,386627,55.28,1,1,2,50.0
RI,1982,174023,157535,331558,52.49,1,1,2,50.0
RI,1984,194925,194308,389233,50.08,1,1,2,50.0
RI,1986,129663,176000,305663,42.42,1,1,2,50.0
RI,1988,140270,250724,390994,35.88,0,2,2,0.0
RI,1990,181949,164916,346865,52.46,1,1,2,50.0
RI,1992,192542,185980,378522,50.87,1,1,2,50.0
RI,1994,209491,132417,341908,61.27,2,0,2,100.0
RI,1996,240608,107657,348265,69.09,2,0,2,100.0
RI,1998,203705,76630,280335,72.66,2,0,2,100.0
RI,2000,247247,89454,336701,73.43,2,0,2,100.0
RI,2002,224676,97137,321813,69.82,2,0,2,100.0
RI,2004,279315,112958,392273,71.2,2,0,2,100.0
RI,2006,264949,41836,306785,86.36,2,0,2,100.0
RI,2008,303670,118773,422443,71.88,2,0,2,100.0
RI,2010,185711,126951,312662,59.4,2,0,2,100.0
RI,2012,232679,161926,394605,58.97,2,0,2,100.0
RI,2014,192776,122721,315497,61.1,2,0,2,100.0
RI,2016,263642,141324,404966,65.1,2,0,2,100.0
RI,2018,242575,129838,372413,65.14,2,0,2,100.0
RI,2020,312636,109894,422530,73.99,2,0,2,100.0
RI,2022,201750,150024,351774,57.35,2,0,2,100.0
RI,2024,292791,180123,472914,61.91,2,0,2,100.0
SC,1976,501943,279390,781333,64.24,5,1,6,83.33
SC,1978,376777,183433,560210,67.26,4,2,6,66.67
SC,1980,408296,399039,807335,50.57,2,4,6,33.33
SC,1982,353111,295160,648271,54.47,3,3,6,50.0
SC,1984,470567,441256,911823,51.61,3,3,6,50.0
SC,1986,453232,261489,714721,63.41,4,2,6,66.67
SC,1988,549652,439476,989128,55.57,4,2,6,66.67
SC,1990,382939,274650,657589,58.23,4,2,6,66.67
SC,1992,505887,581159,1087046,46.54,3,3,6,50.0
SC,1994,313043,552085,865128,36.18,2,4,6,33.33
SC,1996,345010,682563,1027573,33.58,2,4,6,33.33
SC,1998,370381,580051,950432,38.97,2,4,6,33.33
SC,2000,523141,729803,1252944,41.75,2,4,6,33.33
SC,2002,344972,569267,914239,37.73,2,4,6,33.33
SC,2004,486479,913168,1399647,34.76,2,4,6,33.33
SC,2006,472719,599615,1072334,44.08,2,4,6,33.33
SC,2008,919529,939703,1859232,49.46,2,4,6,33.33
SC,2010,537323,753932,1291255,41.61,1,5,6,16.67
SC,2012,714191,1026129,1740320,41.04,1,6,7,14.29
SC,2014,377025,734456,1111481,33.92,1,6,7,14.29
SC,2016,767627,1177365,1944992,39.47,1,6,7,14.29
SC,2018,758340,927494,1685834,44.98,2,5,7,28.57
SC,2020,1076799,1412684,2489483,43.25,1,6,7,14.29
SC,2022,517129,1056078,1573207,32.87,1,6,7,14.29
SC,2024,964448,1475329,2439777,39.53,1,6,7,14.29
SD,1976,72501,221188,293689,24.69,0,2,2,0.0
SD,1978,120199,135324,255523,47.04,1,1,2,50.0
SD,1980,173357,146146,319503,54.26,1,1,2,50.0
SD,1982,142122,133530,275652,51.56,1,0,1,100.0
SD,1984,181401,134821,316222,57.37,1,0,1,100.0
SD,1986,171462,118261,289723,59.18,1,0,1,100.0
SD,1988,223759,88157,311916,71.74,1,0,1,100.0
SD,1990,173814,83484,257298,67.55,1,0,1,100.0
SD,1992,230070,89375,319445,72.02,1,0,1,100.0
SD,1994,183036,112054,295090,62.03,1,0,1,100.0
SD,1996,119547,186393,305940,39.08,0,1,1,0.0
SD,1998,64433,194157,258590,24.92,0,1,1,0.0
SD,2000,78321,231083,309404,25.31,0,1,1,0.0
SD,2002,153551,180023,333574,46.03,0,1,1,0.0
SD,2004,207837,178823,386660,53.75,1,0,1,100.0
SD,2006,230468,97864,328332,70.19,1,0,1,100.0
SD,2008,256041,122966,379007,67.56,1,0,1,100.0
SD,2010,146589,153703,300292,48.82,0,1,1,0.0
SD,2012,153789,207640,361429,42.55,0,1,1,0.0
SD,2014,92485,183834,276319,33.47,0,1,1,0.0
SD,2016,132810,237163,369973,35.9,0,1,1,0.0
SD,2018,120816,202446,323262,37.37,0,1,1,0.0
SD,2020,0,321984,321984,0.0,0,1,1,0.0
SD,2022,0,253821,253821,0.0,0,1,1,0.0
SD,2024,117818,303630,421448,27.96,0,1,1,0.0
TN,1976,774879,452877,1227756,63.11,5,3,8,62.5
TN,1978,580617,448825,1029442,56.4,5,3,8,62.5
TN,1980,663796,618876,1282672,51.75,5,3,8,62.5
TN,1982,697823,469527,1167350,59.78,6,3,9,66.67
TN,1984,726462,589118,1315580,55.22,6,3,9,66.67
TN,1986,636374,465208,1101582,57.77,6,3,9,66.67
TN,1988,844210,536480,1380690,61.14,6,3,9,66.67
TN,1990,369294,288633,657927,56.13,6,3,9,66.67
TN,1992,882973,737690,1620663,54.48,6,3,9,66.67
TN,1994,614512,775843,1390355,44.2,4,5,9,44.44
TN,1996,847370,878640,1726010,49.09,4,5,9,44.44
TN,1998,412378,469551,881929,46.76,4,5,9,44.44
TN,2000,819100,991984,1811084,45.23,4,5,9,44.44
TN,2002,708375,770510,1478885,47.9,5,4,9,55.56
TN,2004,1031959,1160821,2192780,47.06,5,4,9,55.56
TN,2006,860861,799547,1660408,51.85,5,4,9,55.56
TN,2008,1195542,977677,2173219,55.01,5,4,9,55.56
TN,2010,541527,955078,1496605,36.18,2,7,9,22.22
TN,2012,796513,1369562,2166075,36.77,2,7,9,22.22
TN,2014,448421,848846,1297267,34.57,2,7,9,22.22
TN,2016,814181,1493740,2307921,35.28,2,7,9,22.22
TN,2018,846450,1279655,2126105,39.81,2,7,9,22.22
TN,2020,1105537,1685255,2790792,39.61,2,7,9,22.22
TN,2022,581902,1099462,1681364,34.61,1,8,9,11.11
TN,2024,977870,1884691,2862561,34.16,1,8,9,11.11
TX,1976,2368543,1277165,3645708,64.97,22,2,24,91.67
TX,1978,1285348,888215,2173563,59.14,20,4,24,83.33
TX,1980,2405026,1608636,4013662,59.92,19,5,24,79.17
TX,1982,1847048,943598,2790646,66.19,22,5,27,81.48
TX,1984,2695028,1981823,4676851,57.62,17,10,27,62.96
TX,1986,1716978,1263413,2980391,57.61,17,10,27,62.96
TX,1988,2735940,1834135,4570075,59.87,19,8,27,70.37
TX,1990,1763432,1498096,3261528,54.07,19,8,27,70.37
TX,1992,2806044,2685973,5492017,51.09,21,9,30,70.0
TX,1994,1734163,2294222,4028385,43.05,19,11,30,63.33
TX,1996,1607756,1640758,3248514,49.49,13,7,20,65.0
TX,1998,1539123,1786731,3325854,46.28,17,13,30,56.67
TX,2000,2799051,2932411,5731462,48.84,17,13,30,56.67
TX,2002,1885178,2290723,4175901,45.14,17,15,32,53.12
TX,2004,2713968,4022321,6736289,40.29,11,21,32,34.38
TX,2006,1890869,2254609,4145478,45.61,11,21,32,34.38
TX,2008,2979398,4203917,7183315,41.48,12,20,32,37.5
TX,2010,1450150,3058203,4508353,32.17,9,23,32,28.12
TX,2012,2949900,4429270,7379170,39.98,12,24,36,33.33
TX,2014,1474016,2684592,4158608,35.44,11,25,36,30.56
TX,2016,3160535,4877605,8038140,39.32,11,25,36,30.56
TX,2018,3852752,4135359,7988111,48.23,13,23,36,36.11
TX,2020,4896673,5926712,10823385,45.24,13,23,36,36.11
TX,2022,2999053,4559280,7558333,39.68,13,25,38,34.21
TX,2024,4310913,6234918,10545831,40.88,13,25,38,34.21
UT,1976,266562,251403,517965,51.46,1,1,2,50.0
UT,1978,162791,206520,369311,44.08,1,1,2,50.0
UT,1980,232426,351996,584422,39.77,0,2,2,0.0
UT,1982,144987,312003,456990,31.73,0,3,3,0.0
UT,1984,208223,387410,595633,34.96,0,3,3,0.0
UT,1986,196683,229717,426400,46.13,1,2,3,33.33
UT,1988,260123,341056,601179,43.27,1,2,3,33.33
UT,1990,233821,191067,424888,55.03,2,1,3,66.67
UT,1992,331479,362363,693842,47.77,2,1,3,66.67
UT,1994,216080,252300,468380,46.13,1,2,3,33.33
UT,1996,264327,386309,650636,40.63,0,3,3,0.0
UT,1998,126505,304256,430761,29.37,0,3,3,0.0
UT,2000,304797,426648,731445,41.67,1,2,3,33.33
UT,2002,221401,321986,543387,40.74,1,2,3,33.33
UT,2004,361628,520403,882031,41.0,1,2,3,33.33
UT,2006,244483,292235,536718,45.55,1,2,3,33.33
UT,2008,393761,503917,897678,43.86,1,2,3,33.33
UT,2010,218236,390969,609205,35.82,1,2,3,33.33
UT,2012,324309,647873,972182,33.36,1,3,4,25.0
UT,2014,183491,351034,534525,34.33,0,4,4,0.0
UT,2016,356287,710635,1066922,33.39,0,4,4,0.0
UT,2018,374009,617307,991316,37.73,1,3,4,25.0
UT,2020,505946,873347,1379293,36.68,0,4,4,0.0
UT,2022,342078,670924,1013002,33.77,0,4,4,0.0
UT,2024,471051,909332,1380383,34.12,0,4,4,0.0
VA,1976,666082,670400,1336482,49.84,4,6,10,40.0
VA,1978,444049,545151,989200,44.89,4,6,10,40.0
VA,1980,486084,1005272,1491356,32.59,1,9,10,10.0
VA,1982,629678,690094,1319772,47.71,4,6,10,40.0
VA,1984,795009,1003211,1798220,44.21,4,6,10,40.0
VA,1986,544951,466747,1011698,53.86,5,5,10,50.0
VA,1988,801831,1076895,1878726,42.68,5,5,10,50.0
VA,1990,662800,410941,1073741,61.73,6,4,10,60.0
VA,1992,1148570,1142649,2291219,50.13,7,4,11,63.64
VA,1994,752701,1089242,1841943,40.86,6,5,11,54.55
VA,1996,1027020,1117187,2144207,47.9,6,5,11,54.55
VA,1998,514435,542216,1056651,48.69,6,5,11,54.55
VA,2000,1060484,1131999,2192483,48.37,5,6,11,45.45
VA,2002,440478,955673,1396151,31.55,3,8,11,27.27
VA,2004,1023187,1817422,2840609,36.02,3,8,11,27.27
VA,2006,947103,1222790,2169893,43.65,3,8,11,27.27
VA,2008,1852788,1590687,3443475,53.81,6,5,11,54.55
VA,2010,911116,1186098,2097214,43.44,3,8,11,27.27
VA,2012,1806025,1876761,3682786,49.04,3,8,11,27.27
VA,2014,845939,1143747,1989686,42.52,3,8,11,27.27
VA,2016,1859426,1843010,3702436,50.22,4,7,11,36.36
VA,2018,1867061,1408701,3275762,57.0,7,4,11,63.64
VA,2020,2253974,2047635,4301609,52.4,7,4,11,63.64
VA,2022,1572296,1462049,3034345,51.82,6,5,11,54.55
VA,2024,2274922,2108450,4383372,51.9,6,5,11,54.55
VT,1976,60202,124458,184660,32.6,0,1,1,0.0
VT,1978,23228,90688,113916,20.39,0,1,1,0.0
VT,1980,0,154274,154274,0.0,0,1,1,0.0
VT,1982,38296,114191,152487,25.11,0,1,1,0.0
VT,1984,60360,148025,208385,28.97,0,1,1,0.0
VT,1986,0,168403,168403,0.0,0,1,1,0.0
VT,1988,45330,98937,144267,31.42,0,1,1,0.0
VT,1990,6315,82938,89253,7.08,0,1,1,0.0
VT,1992,22279,86901,109180,20.41,0,1,1,0.0
VT,1994,0,98523,98523,0.0,0,1,1,0.0
VT,1996,23830,83021,106851,22.3,0,1,1,0.0
VT,1998,0,70740,70740,0.0,0,1,1,0.0
VT,2000,14918,51977,66895,22.3,0,1,1,0.0
VT,2002,0,72813,72813,0.0,0,1,1,0.0
VT,2004,21684,74271,95955,22.6,0,1,1,0.0
VT,2006,139815,117023,256838,54.44,1,0,1,100.0
VT,2008,248203,0,248203,100.0,1,0,1,100.0
VT,2010,154006,76403,230409,66.84,1,0,1,100.0
VT,2012,208600,67543,276143,75.54,1,0,1,100.0
VT,2014,123349,59432,182781,67.48,1,0,1,100.0
VT,2016,264414,0,264414,100.0,1,0,1,100.0
VT,2018,188547,70705,259252,72.73,1,0,1,100.0
VT,2020,238827,95830,334657,71.36,1,0,1,100.0
VT,2022,176494,78397,254891,69.24,1,0,1,100.0
VT,2024,218398,0,218398,100.0,1,0,1,100.0
WA,1976,817948,585719,1403667,58.27,6,1,7,85.71
WA,1978,507252,450847,958099,52.94,6,1,7,85.71
WA,1980,816133,792836,1608969,50.72,5,2,7,71.43
WA,1982,689811,603916,1293727,53.32,5,3,8,62.5
WA,1984,996950,799565,1796515,55.49,5,3,8,62.5
WA,1986,767678,527158,1294836,59.29,5,3,8,62.5
WA,1988,988386,742844,1731230,57.09,5,3,8,62.5
WA,1990,696275,596407,1292682,53.86,5,3,8,62.5
WA,1992,1236665,911913,2148578,57.56,8,1,9,88.89
WA,1994,826753,853712,1680465,49.2,2,7,9,22.22
WA,1996,1129609,1020553,2150162,52.54,3,6,9,33.33
WA,1998,980157,818552,1798709,54.49,5,4,9,55.56
WA,2000,1245872,997877,2243749,55.53,6,3,9,66.67
WA,2002,907440,778922,1686362,53.81,6,3,9,66.67
WA,2004,1608751,1095493,2704244,59.49,6,3,9,66.67
WA,2006,1244095,798005,2042100,60.92,6,3,9,66.67
WA,2008,1725316,1189147,2914463,59.2,6,3,9,66.67
WA,2010,1296502,1135166,2431668,53.32,5,4,9,55.56
WA,2012,1636726,1369540,3006266,54.44,6,4,10,60.0
WA,2014,1047747,981853,2029600,51.62,6,4,10,60.0
WA,2016,1736145,1404890,3141035,55.27,6,4,10,60.0
WA,2018,1888593,1048712,2937305,64.3,7,3,10,70.0
WA,2020,2340356,1545436,3885792,60.23,7,3,10,70.0
WA,2022,1751582,1261961,3013543,58.12,8,2,10,80.0
WA,2024,2155907,1592599,3748506,57.51,8,2,10,80.0
WI,1976,1190287,760740,1951027,61.01,7,2,9,77.78
WI,1978,768536,675953,1444489,53.2,6,3,9,66.67
WI,1980,1071978,1055472,2127450,50.39,5,4,9,55.56
WI,1982,768616,667193,1435809,53.53,5,4,9,55.56
WI,1984,1033033,1032948,2065981,50.0,5,4,9,55.56
WI,1986,704113,668708,1372821,51.29,5,4,9,55.56
WI,1988,1035249,997265,2032514,50.93,5,4,9,55.56
WI,1990,597332,651569,1248901,47.83,4,5,9,44.44
WI,1992,1153862,1210827,2364689,48.8,4,5,9,44.44
WI,1994,547825,893405,1441230,38.01,3,6,9,33.33
WI,1996,1012327,1120819,2133146,47.46,5,4,9,55.56
WI,1998,761821,880320,1642141,46.39,5,4,9,55.56
WI,2000,1187866,1311447,2499313,47.53,5,4,9,55.56
WI,2002,676925,889146,1566071,43.22,4,4,8,50.0
WI,2004,1368537,1380819,2749356,49.78,4,4,8,50.0
WI,2006,1003156,1040071,2043227,49.1,5,3,8,62.5
WI,2008,1383536,1274987,2658523,52.04,5,3,8,62.5
WI,2010,938690,1165761,2104451,44.6,3,5,8,37.5
WI,2012,1445015,1401995,2847010,50.76,3,5,8,37.5
WI,2014,1102581,1233341,2335922,47.2,3,5,8,37.5
WI,2016,1379996,1270279,2650275,52.07,3,5,8,37.5
WI,2018,1367492,1172964,2540456,53.83,3,5,8,37.5
WI,2020,1566671,1661399,3228070,48.53,3,5,8,37.5
WI,2022,1012955,1403080,2416035,41.93,2,6,8,25.0
WI,2024,1603350,1701860,3305210,48.51,2,6,8,25.0
WV,1976,455172,159189,614361,74.09,4,0,4,100.0
WV,1978,290927,151918,442845,65.69,4,0,4,100.0
WV,1980,390986,294846,685832,57.01,2,2,4,50.0
WV,1982,343236,202380,545616,62.91,4,0,4,100.0
WV,1984,429209,275160,704369,60.94,4,0,4,100.0
WV,1986,298956,96864,395820,75.53,4,0,4,100.0
WV,1988,436616,131963,568579,76.79,4,0,4,100.0
WV,1990,251298,123311,374609,67.08,4,0,4,100.0
WV,1992,439191,123114,562305,78.11,3,0,3,100.0
WV,1994,268901,137663,406564,66.14,3,0,3,100.0
WV,1996,458435,63933,522368,87.76,3,0,3,100.0
WV,1998,283272,29136,312408,90.67,3,0,3,100.0
WV,2000,420784,108769,529553,79.46,2,1,3,66.67
WV,2002,264124,135505,399629,66.09,2,1,3,66.67
WV,2004,415396,303042,718438,57.82,2,1,3,66.67
WV,2006,263822,190893,454715,58.02,2,1,3,66.67
WV,2008,432075,213339,645414,66.95,2,1,3,66.67
WV,2010,227857,283085,510942,44.6,1,2,3,33.33
WV,2012,257101,384253,641354,40.09,1,2,3,33.33
WV,2014,182484,242823,425307,42.91,0,3,3,0.0
WV,2016,224449,445017,669466,33.53,0,3,3,0.0
WV,2018,234568,337146,571714,41.03,0,3,3,0.0
WV,2020,246903,514268,761171,32.44,0,3,3,0.0
WV,2022,149706,312004,461710,32.42,0,2,2,0.0
WV,2024,200813,496681,697494,28.79,0,2,2,0.0
WY,1976,85721,66147,151868,56.44,1,0,1,100.0
WY,1978,53522,75855,129377,41.37,0,1,1,0.0
WY,1980,53338,116361,169699,31.43,0,1,1,0.0
WY,1982,46041,113236,159277,28.91,0,1,1,0.0
WY,1984,45857,138234,184091,24.91,0,1,1,0.0
WY,1986,48780,111007,159787,30.53,0,1,1,0.0
WY,1988,56527,118350,174877,32.32,0,1,1,0.0
WY,1990,70977,87078,158055,44.91,0,1,1,0.0
WY,1992,77418,113882,191300,40.47,0,1,1,0.0
WY,1994,81022,104426,185448,43.69,0,1,1,0.0
WY,1996,85724,116004,201728,42.49,0,1,1,0.0
WY,1998,67399,100687,168086,40.1,0,1,1,0.0
WY,2000,60638,141848,202486,29.95,0,1,1,0.0
WY,2002,65961,110229,176190,37.44,0,1,1,0.0
WY,2004,99989,132107,232096,43.08,0,1,1,0.0
WY,2006,92324,93336,185660,49.73,0,1,1,0.0
WY,2008,106758,131244,238002,44.86,0,1,1,0.0
WY,2010,45768,131661,177429,25.8,0,1,1,0.0
WY,2012,57573,166452,224025,25.7,0,1,1,0.0
WY,2014,37803,113038,150841,25.06,0,1,1,0.0
WY,2016,75466,156176,231642,32.58,0,1,1,0.0
WY,2018,59903,127963,187866,31.89,0,1,1,0.0
WY,2020,66576,185732,252308,26.39,0,1,1,0.0
WY,2022,47250,132206,179456,26.33,0,1,1,0.0
WY,2024,60778,184680,245458,24.76,0,1,1,0.0
